Source,Target,Weight
US,GB,7.165
US,FR,3.85
US,ES,1.995
US,IT,2.45
US,DE,2.315
US,MX,9.815
US,CA,9.27
US,JP,2.485
US,NL,0.945
US,BR,1.9
US,TH,0.66
US,ID,0.63
US,MY,0.335
US,SG,0.47
US,BE,0.395
US,AE,0.61
US,AU,1.465
US,CH,0.425
US,PH,1.145
US,IE,0.965
US,PT,0.335
US,AR,0.68
US,TR,0.37
US,RU,0.36
US,KW,0.24
US,CN,0.72
US,IN,1.155
US,HK,0.31
US,AT,0.245
US,GR,0.56
US,KR,0.38
US,SA,0.17
US,CO,0.985
US,SE,0.355
US,ZA,0.615
US,TW,0.33
US,CZ,0.17
US,DK,0.29
US,CL,0.355
US,NO,0.615
US,PE,0.41
US,PL,0.285
US,NZ,0.325
US,EG,0.25
US,VN,0.19
US,QA,0.135
US,HU,0.14
US,DO,0.975
US,MA,0.185
US,IS,0.685
US,FI,0.25
US,HR,0.26
US,CR,0.61
US,BH,0.03
US,LU,0.8
US,BS,1.175
US,IL,0.34
US,UY,0.07
US,CU,0.65
US,VE,0.265
US,UA,0.08
US,JM,0.695
US,VA,0.075
US,EC,0.275
US,PA,0.2
US,CY,0.015
US,NG,0.335
US,JO,0.055
US,PY,0.03
US,RS,0.08
US,RO,0.17
US,LK,0.055
US,CD,0.13
US,KE,0.11
US,BG,0.055
US,MC,0.045
US,KH,0.06
US,MM,0.085
US,LB,0.05
US,LV,0.035
US,SI,0.06
US,PK,0.135
US,OM,0.03
US,HN,0.25
US,BB,0.305
US,GU,0.405
US,BD,0.11
US,BO,0.035
US,TZ,0.08
US,AW,0.21
US,SK,0.045
US,IR,0.08
US,EE,0.03
US,GH,0.105
US,GE,0.05
US,BA,0.04
US,MT,0.005
US,ZW,0.03
US,SY,0.05
US,AZ,0.02
US,GT,0.14
US,SV,0.075
US,MV,0.07
US,ET,0.07
US,BW,0.02
US,NP,0.06
US,PR,0.29
US,ME,0.03
US,DZ,0.02
US,KY,0.215
US,LT,0.01
US,BZ,0.175
US,TT,0.145
US,TC,0.17
US,NI,0.115
US,IQ,0.005
US,SX,0.135
US,CW,0.1
US,UG,0.04
US,TN,0.03
US,HT,0.115
US,KZ,0.005
US,MK,0.04
US,AG,0.04
US,GP,0.03
US,RW,0.025
US,AM,0.005
US,MQ,0.035
US,LC,0.03
US,PF,0.115
US,SC,0.015
US,SN,0.01
US,GL,0.01
US,ZM,0.01
US,AL,0.005
US,BM,0.06
US,AF,0.015
US,CI,0.015
US,VG,0.075
US,UZ,0.015
US,MF,0.025
US,NE,0.01
US,BT,0.01
US,VI,0.07
US,KN,0.035
US,LY,0.005
US,AI,0.035
US,KG,0.01
US,MG,0.005
US,ML,0.005
US,GD,0.02
US,LS,0.005
US,BL,0.01
US,KP,0.005
US,PG,0.01
US,MP,0.02
US,GQ,0.01
US,DJ,0.015
US,LR,0.015
US,AQ,0.005
US,MW,0.01
US,LI,0.005
US,VU,0.01
US,GY,0.01
US,CM,0.005
US,BI,0.01
US,BQ,0.005
US,GN,0.005
US,ER,0.005
US,TO,0.005
US,AS,0.005
US,FM,0.005
GB,US,6.9
GB,FR,4.375
GB,ES,5.525
GB,IT,2.28
GB,DE,1.995
GB,MX,0.5
GB,CA,0.67
GB,JP,0.16
GB,NL,1.8
GB,BR,0.3
GB,TH,0.44
GB,ID,0.255
GB,MY,0.25
GB,SG,0.26
GB,BE,0.725
GB,AE,0.75
GB,AU,0.645
GB,CH,0.62
GB,PH,0.09
GB,IE,2.68
GB,PT,1.14
GB,AR,0.11
GB,TR,0.39
GB,RU,0.28
GB,KW,0.48
GB,CN,0.135
GB,IN,0.34
GB,HK,0.11
GB,AT,0.415
GB,GR,1.02
GB,KR,0.045
GB,SA,0.1
GB,CO,0.065
GB,SE,0.525
GB,ZA,0.31
GB,TW,0.06
GB,CZ,0.41
GB,DK,0.495
GB,CL,0.07
GB,NO,0.41
GB,PE,0.05
GB,PL,0.38
GB,NZ,0.105
GB,EG,0.045
GB,VN,0.04
GB,QA,0.18
GB,HU,0.325
GB,DO,0.09
GB,MA,0.245
GB,IS,0.26
GB,FI,0.235
GB,HR,0.215
GB,CR,0.08
GB,BH,0.025
GB,LU,0.04
GB,BS,0.015
GB,IL,0.13
GB,UY,0.02
GB,CU,0.065
GB,VE,0.025
GB,UA,0.095
GB,JM,0.095
GB,VA,0.04
GB,EC,0.005
GB,CY,0.36
GB,NG,0.085
GB,JO,0.015
GB,RS,0.01
GB,RO,0.105
GB,LK,0.115
GB,KE,0.14
GB,BG,0.105
GB,MC,0.035
GB,KH,0.035
GB,MM,0.02
GB,LB,0.01
GB,LV,0.09
GB,SI,0.025
GB,PK,0.025
GB,OM,0.07
GB,HN,0.005
GB,BB,0.065
GB,BD,0.01
GB,BO,0.005
GB,TZ,0.03
GB,AW,0.015
GB,SK,0.025
GB,EE,0.045
GB,GH,0.03
GB,GE,0.02
GB,BA,0.025
GB,MT,0.145
GB,ZW,0.045
GB,SY,0.02
GB,AZ,0.02
GB,SV,0.01
GB,MV,0.055
GB,IM,0.3
GB,ET,0.015
GB,BW,0.11
GB,NP,0.005
GB,BY,0.045
GB,ME,0.02
GB,DZ,0.015
GB,KY,0.005
GB,LT,0.025
GB,IQ,0.03
GB,SX,0.005
GB,MU,0.025
GB,TN,0.03
GB,BN,0.045
GB,MK,0.01
GB,AG,0.03
GB,GI,0.045
GB,GP,0.005
GB,AM,0.015
GB,LC,0.015
GB,SC,0.02
GB,GL,0.01
GB,AO,0.01
GB,AL,0.035
GB,BM,0.035
GB,SM,0.01
GB,VC,0.01
GB,KN,0.005
GB,CV,0.05
GB,AI,0.01
GB,GD,0.005
GB,MD,0.015
GB,GM,0.015
GB,JE,0.04
GB,GA,0.01
GB,FO,0.015
GB,GY,0.005
GB,BJ,0.005
GB,SB,0.005
FR,US,3.065
FR,GB,3.41
FR,ES,2.075
FR,IT,1.275
FR,DE,1.12
FR,MX,0.275
FR,CA,0.225
FR,JP,0.195
FR,NL,0.75
FR,BR,0.335
FR,TH,0.09
FR,ID,0.06
FR,MY,0.04
FR,SG,0.05
FR,BE,1.065
FR,AE,0.15
FR,AU,0.07
FR,CH,1.205
FR,PH,0.08
FR,IE,0.3
FR,PT,0.25
FR,AR,0.045
FR,TR,0.165
FR,RU,0.17
FR,KW,0.055
FR,CN,0.075
FR,IN,0.085
FR,HK,0.05
FR,AT,0.14
FR,GR,0.21
FR,KR,0.025
FR,SA,0.035
FR,CO,0.065
FR,SE,0.135
FR,ZA,0.055
FR,CZ,0.18
FR,DK,0.105
FR,CL,0.035
FR,NO,0.04
FR,PE,0.045
FR,PL,0.075
FR,NZ,0.04
FR,EG,0.05
FR,VN,0.005
FR,QA,0.09
FR,HU,0.035
FR,MA,0.12
FR,IS,0.055
FR,FI,0.05
FR,HR,0.04
FR,CR,0.005
FR,BH,0.005
FR,LU,0.275
FR,IL,0.05
FR,CU,0.025
FR,VE,0.03
FR,UA,0.035
FR,JM,0.005
FR,VA,0.02
FR,CY,0.01
FR,NG,0.01
FR,JO,0.01
FR,PY,0.01
FR,RS,0.005
FR,RO,0.045
FR,LK,0.005
FR,KE,0.02
FR,MC,0.345
FR,MM,0.015
FR,LB,0.02
FR,LV,0.03
FR,SI,0.005
FR,PK,0.005
FR,BD,0.03
FR,TZ,0.02
FR,AW,0.005
FR,SK,0.005
FR,IR,0.005
FR,EE,0.01
FR,GH,0.015
FR,MT,0.005
FR,AD,0.11
FR,AZ,0.06
FR,GT,0.005
FR,MV,0.015
FR,IM,0.015
FR,NP,0.005
FR,DZ,0.09
FR,NI,0.025
FR,SX,0.015
FR,CW,0.01
FR,TN,0.025
FR,GP,0.09
FR,MQ,0.055
FR,SN,0.015
FR,CI,0.01
FR,RE,0.035
FR,BL,0.005
FR,DJ,0.01
FR,SO,0.005
FR,GA,0.005
FR,NC,0.015
FR,GF,0.01
FR,YT,0.01
ES,US,1.67
ES,GB,3.355
ES,FR,2.19
ES,IT,1.555
ES,DE,0.895
ES,MX,0.37
ES,CA,0.095
ES,JP,0.12
ES,NL,0.475
ES,BR,0.25
ES,TH,0.1
ES,ID,0.065
ES,MY,0.035
ES,SG,0.02
ES,BE,0.33
ES,AE,0.145
ES,AU,0.055
ES,CH,0.33
ES,PH,0.08
ES,IE,0.195
ES,PT,1.395
ES,AR,0.29
ES,TR,0.12
ES,RU,0.12
ES,KW,0.03
ES,CN,0.075
ES,IN,0.08
ES,HK,0.025
ES,AT,0.135
ES,GR,0.095
ES,KR,0.02
ES,SA,0.01
ES,CO,0.105
ES,SE,0.085
ES,ZA,0.03
ES,TW,0.025
ES,CZ,0.09
ES,DK,0.105
ES,CL,0.09
ES,NO,0.1
ES,PE,0.07
ES,PL,0.14
ES,NZ,0.005
ES,EG,0.02
ES,QA,0.055
ES,HU,0.035
ES,DO,0.085
ES,MA,0.265
ES,IS,0.045
ES,FI,0.035
ES,HR,0.06
ES,CR,0.11
ES,BS,0.005
ES,IL,0.04
ES,UY,0.015
ES,CU,0.025
ES,VE,0.09
ES,UA,0.015
ES,JM,0.005
ES,VA,0.05
ES,EC,0.02
ES,PA,0.01
ES,CY,0.01
ES,JO,0.015
ES,PY,0.055
ES,RS,0.03
ES,RO,0.015
ES,LK,0.01
ES,CD,0.005
ES,KE,0.015
ES,BG,0.08
ES,MC,0.025
ES,KH,0.005
ES,MM,0.01
ES,LB,0.01
ES,LV,0.03
ES,SI,0.01
ES,PK,0.01
ES,OM,0.025
ES,BB,0.01
ES,BO,0.005
ES,IR,0.01
ES,MT,0.025
ES,SY,0.015
ES,AD,0.23
ES,AZ,0.005
ES,GT,0.005
ES,SV,0.02
ES,NP,0.015
ES,KY,0.005
ES,LT,0.015
ES,KZ,0.005
ES,GI,0.085
ES,PF,0.005
ES,SN,0.025
ES,GQ,0.01
ES,FK,0.01
ES,MS,0.005
IT,US,2.015
IT,GB,1.68
IT,FR,1.52
IT,ES,1.18
IT,DE,0.765
IT,MX,0.07
IT,CA,0.195
IT,JP,0.21
IT,NL,0.29
IT,BR,0.255
IT,TH,0.035
IT,ID,0.03
IT,MY,0.015
IT,SG,0.04
IT,BE,0.19
IT,AE,0.09
IT,AU,0.08
IT,CH,0.575
IT,PH,0.1
IT,IE,0.175
IT,PT,0.23
IT,AR,0.045
IT,TR,0.22
IT,RU,0.11
IT,KW,0.095
IT,CN,0.06
IT,IN,0.065
IT,HK,0.02
IT,AT,0.335
IT,GR,0.28
IT,KR,0.05
IT,SA,0.01
IT,CO,0.005
IT,SE,0.075
IT,ZA,0.045
IT,CZ,0.135
IT,DK,0.06
IT,CL,0.04
IT,NO,0.085
IT,PE,0.025
IT,PL,0.1
IT,NZ,0.02
IT,EG,0.02
IT,VN,0.01
IT,QA,0.025
IT,HU,0.06
IT,DO,0.005
IT,MA,0.07
IT,FI,0.035
IT,HR,0.14
IT,BH,0.02
IT,BS,0.015
IT,IL,0.05
IT,CU,0.01
IT,VE,0.005
IT,UA,0.035
IT,JM,0.025
IT,VA,0.695
IT,EC,0.005
IT,RS,0.01
IT,CD,0.06
IT,KE,0.045
IT,BG,0.03
IT,MC,0.085
IT,KH,0.015
IT,LB,0.01
IT,LV,0.005
IT,SI,0.1
IT,OM,0.01
IT,HN,0.005
IT,BD,0.005
IT,BO,0.005
IT,TZ,0.005
IT,SK,0.015
IT,IR,0.02
IT,EE,0.005
IT,GH,0.05
IT,BA,0.005
IT,MT,0.07
IT,ZW,0.01
IT,AD,0.005
IT,AZ,0.04
IT,MV,0.005
IT,ET,0.005
IT,NP,0.02
IT,ME,0.015
IT,DZ,0.01
IT,TC,0.01
IT,NI,0.005
IT,CW,0.02
IT,UG,0.01
IT,MU,0.005
IT,MK,0.015
IT,AG,0.01
IT,GI,0.005
IT,AM,0.005
IT,SN,0.01
IT,AO,0.025
IT,SM,0.075
IT,MG,0.005
IT,MD,0.01
DE,US,1.91
DE,GB,1.52
DE,FR,1.22
DE,ES,0.805
DE,IT,0.86
DE,MX,0.085
DE,CA,0.13
DE,JP,0.16
DE,NL,1.115
DE,BR,0.13
DE,TH,0.09
DE,ID,0.04
DE,MY,0.01
DE,SG,0.08
DE,BE,0.56
DE,AE,0.1
DE,AU,0.06
DE,CH,0.87
DE,PH,0.015
DE,IE,0.17
DE,PT,0.135
DE,AR,0.01
DE,TR,0.155
DE,RU,0.175
DE,KW,0.08
DE,CN,0.07
DE,IN,0.105
DE,HK,0.04
DE,AT,0.98
DE,GR,0.065
DE,KR,0.055
DE,SA,0.02
DE,CO,0.005
DE,SE,0.275
DE,ZA,0.07
DE,TW,0.015
DE,CZ,0.445
DE,DK,0.295
DE,CL,0.025
DE,NO,0.165
DE,PL,0.235
DE,NZ,0.03
DE,EG,0.015
DE,VN,0.005
DE,QA,0.04
DE,HU,0.115
DE,DO,0.005
DE,MA,0.05
DE,IS,0.065
DE,FI,0.095
DE,HR,0.075
DE,BH,0.015
DE,LU,0.06
DE,BS,0.005
DE,IL,0.065
DE,UA,0.04
DE,JM,0.01
DE,VA,0.005
DE,EC,0.015
DE,NG,0.02
DE,JO,0.015
DE,PY,0.005
DE,RS,0.005
DE,RO,0.055
DE,KE,0.04
DE,BG,0.045
DE,MC,0.005
DE,MO,0.005
DE,LV,0.025
DE,SI,0.075
DE,PK,0.005
DE,IR,0.005
DE,GH,0.005
DE,GE,0.005
DE,BA,0.005
DE,MT,0.02
DE,SY,0.005
DE,GT,0.01
DE,BW,0.01
DE,PR,0.005
DE,BY,0.01
DE,ME,0.02
DE,DZ,0.005
DE,LT,0.01
DE,TT,0.01
DE,IQ,0.005
DE,UG,0.005
DE,TN,0.025
DE,KZ,0.005
DE,GL,0.01
DE,AL,0.005
DE,SM,0.005
DE,MR,0.01
DE,GQ,0.015
DE,AQ,0.005
DE,LI,0.005
DE,GA,0.005
MX,US,8.91
MX,GB,0.525
MX,FR,0.305
MX,ES,0.42
MX,IT,0.08
MX,DE,0.055
MX,CA,0.605
MX,JP,0.14
MX,NL,0.06
MX,BR,0.345
MX,TH,0.055
MX,ID,0.025
MX,SG,0.025
MX,BE,0.01
MX,AE,0.015
MX,AU,0.045
MX,CH,0.055
MX,PH,0.015
MX,IE,0.02
MX,PT,0.035
MX,AR,0.18
MX,TR,0.02
MX,RU,0.165
MX,KW,0.01
MX,CN,0.08
MX,IN,0.085
MX,AT,0.005
MX,GR,0.055
MX,KR,0.045
MX,CO,0.385
MX,ZA,0.04
MX,TW,0.01
MX,DK,0.005
MX,CL,0.12
MX,NO,0.005
MX,PE,0.255
MX,PL,0.035
MX,NZ,0.005
MX,EG,0.005
MX,VN,0.01
MX,QA,0.005
MX,HU,0.01
MX,DO,0.015
MX,MA,0.015
MX,IS,0.03
MX,FI,0.04
MX,HR,0.01
MX,CR,0.12
MX,BS,0.01
MX,UY,0.015
MX,CU,0.1
MX,VE,0.085
MX,UA,0.025
MX,JM,0.025
MX,VA,0.005
MX,EC,0.09
MX,PA,0.12
MX,JO,0.01
MX,PY,0.015
MX,RS,0.005
MX,CD,0.01
MX,KE,0.005
MX,KH,0.005
MX,HN,0.04
MX,BD,0.005
MX,BO,0.03
MX,IR,0.04
MX,GT,0.07
MX,SV,0.05
MX,MV,0.005
MX,ET,0.005
MX,ME,0.005
MX,BZ,0.065
MX,NI,0.01
MX,CW,0.005
MX,HT,0.005
MX,KZ,0.005
MX,GI,0.005
MX,ZM,0.01
MX,ML,0.01
CA,US,9.415
CA,GB,0.685
CA,FR,0.46
CA,ES,0.16
CA,IT,0.19
CA,DE,0.23
CA,MX,0.63
CA,JP,0.25
CA,NL,0.15
CA,BR,0.185
CA,TH,0.085
CA,ID,0.055
CA,MY,0.02
CA,SG,0.025
CA,BE,0.07
CA,AE,0.04
CA,AU,0.245
CA,CH,0.135
CA,PH,0.085
CA,IE,0.07
CA,PT,0.105
CA,AR,0.06
CA,TR,0.055
CA,RU,0.07
CA,CN,0.06
CA,IN,0.1
CA,HK,0.04
CA,AT,0.01
CA,GR,0.03
CA,KR,0.015
CA,SA,0.015
CA,CO,0.005
CA,ZA,0.01
CA,TW,0.025
CA,CZ,0.025
CA,DK,0.015
CA,CL,0.06
CA,NO,0.02
CA,PE,0.07
CA,PL,0.005
CA,NZ,0.075
CA,EG,0.02
CA,VN,0.02
CA,QA,0.005
CA,HU,0.02
CA,DO,0.065
CA,MA,0.015
CA,IS,0.075
CA,FI,0.055
CA,HR,0.03
CA,CR,0.07
CA,LU,0.035
CA,BS,0.02
CA,IL,0.03
CA,CU,0.03
CA,VE,0.01
CA,UA,0.01
CA,JM,0.105
CA,EC,0.015
CA,PA,0.02
CA,NG,0.015
CA,JO,0.04
CA,RO,0.015
CA,CD,0.01
CA,KH,0.005
CA,MM,0.01
CA,PK,0.015
CA,OM,0.005
CA,HN,0.01
CA,BO,0.01
CA,AW,0.005
CA,IR,0.015
CA,GE,0.01
CA,SY,0.005
CA,GT,0.01
CA,BZ,0.005
CA,TT,0.005
CA,TC,0.01
CA,NI,0.015
CA,SX,0.005
CA,UG,0.005
CA,TN,0.005
CA,HT,0.005
CA,AG,0.01
CA,LC,0.01
CA,SN,0.015
CA,ML,0.01
CA,GD,0.005
CA,BL,0.005
CA,BJ,0.01
CA,CG,0.005
CA,SL,0.01
JP,US,2.105
JP,GB,0.195
JP,FR,0.19
JP,ES,0.105
JP,IT,0.155
JP,DE,0.195
JP,MX,0.095
JP,CA,0.14
JP,NL,0.075
JP,BR,0.03
JP,TH,0.89
JP,ID,0.465
JP,MY,0.29
JP,SG,0.25
JP,BE,0.055
JP,AE,0.05
JP,AU,0.16
JP,CH,0.085
JP,PH,0.415
JP,IE,0.005
JP,PT,0.02
JP,AR,0.025
JP,TR,0.035
JP,RU,0.07
JP,KW,0.04
JP,CN,0.36
JP,IN,0.085
JP,HK,0.36
JP,GR,0.025
JP,KR,0.815
JP,SA,0.005
JP,CO,0.01
JP,SE,0.005
JP,ZA,0.015
JP,TW,0.965
JP,CZ,0.005
JP,DK,0.01
JP,CL,0.015
JP,NO,0.01
JP,PE,0.025
JP,PL,0.03
JP,NZ,0.06
JP,EG,0.025
JP,VN,0.15
JP,QA,0.03
JP,HU,0.025
JP,MA,0.03
JP,FI,0.025
JP,HR,0.005
JP,BH,0.01
JP,IL,0.01
JP,CU,0.03
JP,UA,0.005
JP,JM,0.005
JP,NG,0.015
JP,JO,0.01
JP,RO,0.01
JP,BG,0.01
JP,MC,0.005
JP,KH,0.02
JP,MM,0.005
JP,MO,0.025
JP,LB,0.005
JP,SI,0.015
JP,PK,0.005
JP,GU,0.06
JP,BD,0.035
JP,BO,0.005
JP,GH,0.005
JP,GE,0.005
JP,SY,0.005
JP,GT,0.005
JP,ET,0.005
JP,NP,0.005
JP,LA,0.01
JP,UG,0.005
JP,KZ,0.01
JP,AO,0.01
JP,NE,0.005
JP,BT,0.005
JP,LY,0.01
JP,MN,0.005
JP,KG,0.005
JP,MP,0.015
NL,US,0.81
NL,GB,1.335
NL,FR,0.995
NL,ES,0.535
NL,IT,0.345
NL,DE,1.285
NL,MX,0.045
NL,CA,0.195
NL,JP,0.05
NL,BR,0.07
NL,TH,0.02
NL,ID,0.08
NL,MY,0.025
NL,SG,0.045
NL,BE,1.57
NL,AE,0.095
NL,AU,0.06
NL,CH,0.17
NL,PH,0.01
NL,IE,0.13
NL,PT,0.105
NL,AR,0.05
NL,TR,0.115
NL,RU,0.08
NL,KW,0.01
NL,CN,0.01
NL,IN,0.07
NL,AT,0.135
NL,GR,0.1
NL,KR,0.01
NL,CO,0.005
NL,SE,0.07
NL,ZA,0.155
NL,TW,0.04
NL,CZ,0.095
NL,DK,0.115
NL,NO,0.07
NL,PE,0.01
NL,PL,0.11
NL,NZ,0.035
NL,EG,0.02
NL,VN,0.02
NL,QA,0.02
NL,HU,0.03
NL,DO,0.01
NL,MA,0.025
NL,IS,0.035
NL,FI,0.045
NL,HR,0.025
NL,LU,0.05
NL,IL,0.015
NL,CU,0.01
NL,UA,0.005
NL,VA,0.005
NL,EC,0.005
NL,CY,0.025
NL,NG,0.01
NL,RO,0.025
NL,KE,0.03
NL,MC,0.02
NL,MM,0.005
NL,LB,0.005
NL,SI,0.01
NL,TZ,0.005
NL,AW,0.02
NL,SK,0.01
NL,GH,0.015
NL,GE,0.01
NL,MT,0.02
NL,ZW,0.005
NL,DZ,0.005
NL,CW,0.05
NL,MU,0.01
NL,MK,0.015
NL,PF,0.005
NL,SZ,0.005
BR,US,2.72
BR,GB,0.33
BR,FR,0.37
BR,ES,0.345
BR,IT,0.4
BR,DE,0.28
BR,MX,0.405
BR,CA,0.16
BR,JP,0.05
BR,NL,0.09
BR,TH,0.015
BR,ID,0.045
BR,SG,0.005
BR,BE,0.105
BR,AE,0.045
BR,AU,0.035
BR,CH,0.025
BR,PH,0.025
BR,IE,0.125
BR,PT,0.45
BR,AR,1.2
BR,TR,0.04
BR,RU,0.12
BR,CN,0.075
BR,IN,0.07
BR,HK,0.015
BR,AT,0.01
BR,GR,0.035
BR,KR,0.04
BR,CO,0.115
BR,ZA,0.075
BR,TW,0.015
BR,CZ,0.015
BR,DK,0.015
BR,CL,0.405
BR,PE,0.245
BR,PL,0.04
BR,NZ,0.005
BR,EG,0.05
BR,VN,0.01
BR,QA,0.01
BR,HU,0.005
BR,DO,0.03
BR,MA,0.025
BR,FI,0.025
BR,HR,0.01
BR,CR,0.025
BR,LU,0.01
BR,IL,0.005
BR,UY,0.43
BR,CU,0.035
BR,VE,0.025
BR,JM,0.01
BR,EC,0.025
BR,PA,0.025
BR,PY,0.315
BR,RS,0.005
BR,RO,0.015
BR,CD,0.38
BR,KE,0.015
BR,MC,0.015
BR,KH,0.015
BR,MM,0.01
BR,PK,0.01
BR,HN,0.01
BR,BD,0.005
BR,BO,0.065
BR,TZ,0.01
BR,IR,0.01
BR,BA,0.01
BR,MT,0.01
BR,ZW,0.005
BR,AZ,0.005
BR,GT,0.005
BR,SV,0.005
BR,NP,0.005
BR,DZ,0.005
BR,TT,0.005
BR,IQ,0.01
BR,UG,0.005
BR,TN,0.01
BR,AO,0.04
BR,MF,0.005
BR,NE,0.005
BR,CV,0.005
BR,MR,0.01
BR,MG,0.005
BR,ML,0.005
BR,TD,0.005
BR,AQ,0.015
BR,GA,0.01
BR,TM,0.005
BR,SR,0.005
BR,ST,0.005
TH,US,0.44
TH,GB,0.4
TH,FR,0.065
TH,ES,0.085
TH,IT,0.07
TH,DE,0.1
TH,MX,0.05
TH,CA,0.06
TH,JP,0.915
TH,NL,0.06
TH,BR,0.04
TH,ID,0.38
TH,MY,0.715
TH,SG,0.515
TH,BE,0.035
TH,AE,0.14
TH,AU,0.1
TH,CH,0.1
TH,PH,0.315
TH,IE,0.005
TH,AR,0.005
TH,TR,0.045
TH,RU,0.07
TH,KW,0.055
TH,CN,0.205
TH,IN,0.105
TH,HK,0.375
TH,AT,0.06
TH,GR,0.005
TH,KR,0.295
TH,SA,0.025
TH,CO,0.02
TH,SE,0.005
TH,ZA,0.005
TH,TW,0.145
TH,CZ,0.02
TH,DK,0.02
TH,NO,0.02
TH,PE,0.01
TH,PL,0.035
TH,NZ,0.07
TH,EG,0.005
TH,VN,0.225
TH,QA,0.04
TH,HU,0.005
TH,MA,0.01
TH,IS,0.025
TH,FI,0.03
TH,HR,0.01
TH,BH,0.005
TH,CU,0.005
TH,UA,0.01
TH,PA,0.015
TH,JO,0.015
TH,RS,0.02
TH,LK,0.025
TH,KE,0.015
TH,KH,0.105
TH,MM,0.125
TH,MO,0.005
TH,LB,0.02
TH,PK,0.015
TH,OM,0.01
TH,HN,0.005
TH,BD,0.02
TH,TZ,0.005
TH,MV,0.005
TH,ET,0.01
TH,LA,0.16
TH,BN,0.005
TH,SN,0.005
TH,BT,0.025
TH,KP,0.005
TH,MW,0.01
TH,DM,0.015
ID,US,0.58
ID,GB,0.215
ID,FR,0.1
ID,ES,0.075
ID,IT,0.11
ID,DE,0.04
ID,MX,0.065
ID,CA,0.035
ID,JP,0.485
ID,NL,0.06
ID,BR,0.02
ID,TH,0.515
ID,MY,1.335
ID,SG,1.045
ID,BE,0.035
ID,AE,0.125
ID,AU,0.4
ID,CH,0.02
ID,PH,0.27
ID,AR,0.01
ID,TR,0.065
ID,RU,0.065
ID,KW,0.01
ID,CN,0.2
ID,IN,0.08
ID,HK,0.225
ID,AT,0.015
ID,GR,0.035
ID,KR,0.315
ID,SA,0.075
ID,SE,0.01
ID,ZA,0.02
ID,TW,0.045
ID,CZ,0.005
ID,CL,0.005
ID,NO,0.025
ID,PE,0.02
ID,PL,0.025
ID,NZ,0.05
ID,EG,0.01
ID,VN,0.045
ID,QA,0.075
ID,HU,0.015
ID,DO,0.015
ID,MA,0.075
ID,HR,0.02
ID,BS,0.01
ID,IL,0.005
ID,UY,0.015
ID,UA,0.01
ID,JO,0.005
ID,RS,0.025
ID,RO,0.01
ID,LK,0.01
ID,CD,0.025
ID,KH,0.02
ID,MM,0.03
ID,MO,0.02
ID,LB,0.005
ID,LV,0.01
ID,PK,0.015
ID,BD,0.035
ID,SK,0.005
ID,GH,0.01
ID,GE,0.01
ID,ZW,0.005
ID,AZ,0.005
ID,ET,0.005
ID,ME,0.005
ID,IQ,0.005
ID,KZ,0.01
ID,AM,0.01
ID,SN,0.005
ID,NE,0.005
ID,ML,0.005
ID,PG,0.005
ID,MP,0.01
ID,TL,0.005
ID,TO,0.01
MY,US,0.255
MY,GB,0.255
MY,FR,0.08
MY,ES,0.035
MY,IT,0.03
MY,DE,0.045
MY,MX,0.01
MY,CA,0.045
MY,JP,0.4
MY,NL,0.04
MY,BR,0.02
MY,TH,0.97
MY,ID,1.28
MY,SG,1.245
MY,BE,0.015
MY,AE,0.075
MY,AU,0.25
MY,CH,0.015
MY,PH,0.225
MY,PT,0.02
MY,TR,0.075
MY,RU,0.04
MY,KW,0.025
MY,CN,0.21
MY,IN,0.07
MY,HK,0.16
MY,KR,0.18
MY,SA,0.06
MY,CO,0.095
MY,SE,0.005
MY,ZA,0.02
MY,TW,0.095
MY,CZ,0.005
MY,DK,0.01
MY,CL,0.01
MY,PE,0.005
MY,NZ,0.04
MY,EG,0.035
MY,VN,0.22
MY,QA,0.04
MY,MA,0.005
MY,BH,0.005
MY,EC,0.005
MY,NG,0.01
MY,PY,0.005
MY,LK,0.025
MY,CD,0.005
MY,KH,0.04
MY,MO,0.005
MY,PK,0.02
MY,OM,0.01
MY,BO,0.005
MY,BA,0.005
MY,ZW,0.005
MY,MV,0.03
MY,NP,0.005
MY,LA,0.005
MY,BN,0.05
MY,KZ,0.005
MY,AF,0.02
MY,MN,0.005
MY,MG,0.01
MY,TL,0.005
SG,US,0.465
SG,GB,0.2
SG,FR,0.085
SG,ES,0.005
SG,IT,0.1
SG,DE,0.13
SG,MX,0.015
SG,CA,0.045
SG,JP,0.32
SG,NL,0.04
SG,TH,0.665
SG,ID,0.96
SG,MY,1.41
SG,BE,0.01
SG,AE,0.075
SG,AU,0.28
SG,CH,0.065
SG,PH,0.465
SG,PT,0.01
SG,TR,0.03
SG,RU,0.06
SG,KW,0.01
SG,CN,0.105
SG,IN,0.115
SG,HK,0.265
SG,AT,0.005
SG,GR,0.035
SG,KR,0.13
SG,SA,0.02
SG,ZA,0.025
SG,TW,0.195
SG,NO,0.005
SG,PL,0.015
SG,NZ,0.075
SG,VN,0.09
SG,QA,0.02
SG,IS,0.02
SG,FI,0.01
SG,LU,0.01
SG,IL,0.01
SG,VA,0.015
SG,RS,0.015
SG,LK,0.01
SG,CD,0.01
SG,KH,0.015
SG,MM,0.015
SG,MO,0.04
SG,SI,0.015
SG,BO,0.015
SG,TZ,0.015
SG,SK,0.005
SG,GH,0.01
SG,MT,0.005
SG,ZW,0.01
SG,SY,0.005
SG,MV,0.02
SG,BY,0.005
SG,ME,0.01
SG,MU,0.005
SG,BN,0.015
SG,ZM,0.01
SG,KN,0.005
BE,US,0.315
BE,GB,0.61
BE,FR,1.09
BE,ES,0.285
BE,IT,0.185
BE,DE,0.365
BE,MX,0.01
BE,CA,0.045
BE,JP,0.08
BE,NL,1.485
BE,BR,0.075
BE,TH,0.025
BE,ID,0.02
BE,MY,0.005
BE,AE,0.02
BE,CH,0.03
BE,IE,0.055
BE,PT,0.05
BE,AR,0.01
BE,TR,0.045
BE,RU,0.075
BE,KW,0.005
BE,CN,0.01
BE,IN,0.005
BE,HK,0.005
BE,AT,0.085
BE,GR,0.01
BE,SE,0.015
BE,ZA,0.01
BE,TW,0.005
BE,CZ,0.09
BE,DK,0.04
BE,NO,0.01
BE,PL,0.015
BE,VN,0.005
BE,QA,0.02
BE,DO,0.005
BE,MA,0.01
BE,IS,0.025
BE,FI,0.015
BE,HR,0.015
BE,LU,0.015
BE,IL,0.005
BE,CU,0.01
BE,RS,0.005
BE,RO,0.015
BE,LB,0.01
BE,LV,0.01
BE,SI,0.02
BE,PK,0.025
BE,EE,0.02
BE,MT,0.005
BE,LT,0.005
BE,TT,0.01
BE,TN,0.005
BE,GI,0.015
BE,BF,0.005
BE,SD,0.005
AE,US,0.56
AE,GB,0.53
AE,FR,0.155
AE,ES,0.065
AE,IT,0.115
AE,DE,0.14
AE,MX,0.03
AE,CA,0.04
AE,JP,0.065
AE,NL,0.09
AE,BR,0.02
AE,TH,0.165
AE,ID,0.065
AE,MY,0.11
AE,SG,0.04
AE,BE,0.025
AE,AU,0.08
AE,CH,0.03
AE,PH,0.15
AE,IE,0.01
AE,PT,0.025
AE,AR,0.015
AE,TR,0.075
AE,RU,0.06
AE,KW,0.71
AE,CN,0.005
AE,IN,0.165
AE,HK,0.04
AE,AT,0.025
AE,KR,0.025
AE,SA,0.375
AE,SE,0.015
AE,ZA,0.05
AE,CZ,0.03
AE,DK,0.01
AE,PE,0.01
AE,PL,0.02
AE,NZ,0.025
AE,EG,0.085
AE,VN,0.02
AE,QA,0.09
AE,HU,0.02
AE,DO,0.005
AE,MA,0.005
AE,FI,0.005
AE,BH,0.02
AE,UA,0.005
AE,JM,0.01
AE,NG,0.015
AE,JO,0.02
AE,RS,0.01
AE,LK,0.055
AE,KE,0.015
AE,BG,0.02
AE,MC,0.01
AE,KH,0.01
AE,LB,0.075
AE,PK,0.02
AE,OM,0.195
AE,TZ,0.03
AE,IR,0.02
AE,GE,0.015
AE,BA,0.02
AE,MT,0.005
AE,SY,0.005
AE,AZ,0.03
AE,MV,0.03
AE,DZ,0.01
AE,KY,0.005
AE,MU,0.025
AE,TN,0.005
AE,BN,0.005
AE,KZ,0.005
AE,AG,0.01
AE,RW,0.01
AE,AM,0.01
AE,LC,0.01
AE,SC,0.01
AE,AO,0.015
AE,UZ,0.01
AE,XK,0.005
AE,YE,0.02
AU,US,1.445
AU,GB,0.555
AU,FR,0.11
AU,ES,0.05
AU,IT,0.07
AU,DE,0.07
AU,MX,0.06
AU,CA,0.23
AU,JP,0.225
AU,NL,0.005
AU,BR,0.025
AU,TH,0.125
AU,ID,0.47
AU,MY,0.18
AU,SG,0.335
AU,BE,0.005
AU,AE,0.1
AU,CH,0.03
AU,PH,0.295
AU,IE,0.02
AU,PT,0.005
AU,TR,0.035
AU,RU,0.035
AU,KW,0.03
AU,CN,0.055
AU,IN,0.105
AU,HK,0.18
AU,GR,0.005
AU,KR,0.06
AU,SA,0.075
AU,CO,0.01
AU,ZA,0.1
AU,TW,0.01
AU,CZ,0.03
AU,CL,0.035
AU,NO,0.03
AU,PE,0.005
AU,PL,0.005
AU,NZ,0.56
AU,VN,0.045
AU,QA,0.01
AU,HU,0.01
AU,DO,0.005
AU,IS,0.01
AU,FI,0.005
AU,HR,0.005
AU,CR,0.005
AU,CU,0.005
AU,VE,0.005
AU,PA,0.005
AU,JO,0.025
AU,LK,0.01
AU,CD,0.01
AU,KE,0.035
AU,KH,0.02
AU,MM,0.02
AU,SI,0.01
AU,PK,0.01
AU,BD,0.065
AU,BO,0.015
AU,SK,0.02
AU,IR,0.01
AU,SY,0.01
AU,AZ,0.01
AU,MV,0.01
AU,ET,0.01
AU,NP,0.005
AU,DZ,0.015
AU,KY,0.01
AU,LA,0.01
AU,UG,0.01
AU,HT,0.005
AU,BN,0.01
AU,PF,0.015
AU,SC,0.005
AU,GL,0.015
AU,ZM,0.005
AU,SM,0.005
AU,VG,0.005
AU,NE,0.005
AU,LY,0.005
AU,MR,0.005
AU,ML,0.005
AU,TD,0.005
AU,PG,0.005
AU,AQ,0.005
AU,VU,0.01
AU,NC,0.01
AU,CM,0.005
AU,TM,0.005
AU,SR,0.01
CH,US,0.315
CH,GB,0.44
CH,FR,1.05
CH,ES,0.305
CH,IT,0.7
CH,DE,0.74
CH,MX,0.025
CH,CA,0.135
CH,JP,0.05
CH,NL,0.085
CH,BR,0.04
CH,TH,0.09
CH,ID,0.03
CH,MY,0.015
CH,SG,0.085
CH,BE,0.06
CH,AE,0.045
CH,AU,0.045
CH,PH,0.025
CH,IE,0.04
CH,PT,0.07
CH,AR,0.025
CH,TR,0.04
CH,RU,0.03
CH,KW,0.04
CH,CN,0.02
CH,IN,0.01
CH,HK,0.015
CH,AT,0.13
CH,GR,0.03
CH,CO,0.035
CH,SE,0.05
CH,ZA,0.05
CH,CZ,0.03
CH,DK,0.04
CH,NO,0.035
CH,PE,0.01
CH,PL,0.005
CH,NZ,0.05
CH,HU,0.02
CH,MA,0.025
CH,HR,0.025
CH,CR,0.02
CH,LU,0.01
CH,BS,0.005
CH,IL,0.025
CH,UY,0.005
CH,UA,0.015
CH,RS,0.005
CH,CD,0.005
CH,BG,0.005
CH,LB,0.01
CH,LV,0.02
CH,SI,0.015
CH,OM,0.005
CH,BO,0.005
CH,SK,0.005
CH,MT,0.01
CH,AZ,0.01
CH,MK,0.01
CH,LC,0.005
CH,GQ,0.01
CH,LI,0.025
PH,US,1.13
PH,GB,0.14
PH,FR,0.085
PH,ES,0.1
PH,IT,0.09
PH,DE,0.01
PH,MX,0.005
PH,CA,0.11
PH,JP,0.67
PH,NL,0.025
PH,BR,0.025
PH,TH,0.445
PH,ID,0.275
PH,MY,0.23
PH,SG,0.555
PH,BE,0.04
PH,AE,0.125
PH,AU,0.315
PH,CH,0.01
PH,AR,0.02
PH,TR,0.005
PH,RU,0.095
PH,CN,0.13
PH,IN,0.08
PH,HK,0.58
PH,GR,0.01
PH,KR,0.435
PH,SA,0.095
PH,SE,0.015
PH,ZA,0.035
PH,TW,0.295
PH,CZ,0.005
PH,DK,0.015
PH,NO,0.025
PH,PL,0.005
PH,NZ,0.025
PH,EG,0.005
PH,VN,0.145
PH,QA,0.055
PH,MA,0.005
PH,HR,0.01
PH,BH,0.01
PH,LU,0.005
PH,IL,0.01
PH,UY,0.02
PH,PA,0.005
PH,NG,0.015
PH,JO,0.005
PH,RS,0.025
PH,RO,0.01
PH,KE,0.005
PH,MC,0.005
PH,KH,0.08
PH,MM,0.015
PH,MO,0.075
PH,PK,0.01
PH,BD,0.005
PH,AW,0.005
PH,SK,0.005
PH,IR,0.01
PH,GH,0.005
PH,ZW,0.01
PH,MV,0.015
PH,ET,0.005
PH,TT,0.005
PH,LA,0.005
PH,BN,0.035
PH,BT,0.005
PH,MN,0.02
IE,US,0.82
IE,GB,2.25
IE,FR,0.405
IE,ES,0.315
IE,IT,0.33
IE,DE,0.18
IE,CA,0.05
IE,JP,0.03
IE,NL,0.165
IE,BR,0.045
IE,TH,0.02
IE,BE,0.08
IE,AE,0.02
IE,AU,0.02
IE,CH,0.04
IE,PT,0.13
IE,AR,0.015
IE,TR,0.035
IE,RU,0.01
IE,KW,0.01
IE,IN,0.01
IE,AT,0.02
IE,GR,0.025
IE,SE,0.02
IE,ZA,0.01
IE,TW,0.005
IE,CZ,0.06
IE,DK,0.015
IE,NO,0.01
IE,PE,0.015
IE,PL,0.025
IE,HU,0.03
IE,MA,0.02
IE,IS,0.035
IE,HR,0.04
IE,LK,0.01
IE,MC,0.005
IE,LV,0.005
IE,TZ,0.01
IE,BM,0.01
PT,US,0.305
PT,GB,0.69
PT,FR,0.235
PT,ES,1.205
PT,IT,0.265
PT,DE,0.115
PT,MX,0.015
PT,CA,0.075
PT,JP,0.02
PT,NL,0.125
PT,BR,0.32
PT,ID,0.005
PT,MY,0.02
PT,SG,0.01
PT,BE,0.035
PT,AE,0.025
PT,CH,0.07
PT,IE,0.06
PT,AR,0.01
PT,TR,0.015
PT,RU,0.015
PT,CN,0.01
PT,AT,0.025
PT,KR,0.005
PT,DK,0.01
PT,CL,0.005
PT,NO,0.01
PT,PE,0.015
PT,PL,0.005
PT,EG,0.01
PT,HU,0.01
PT,MA,0.085
PT,IS,0.01
PT,CR,0.005
PT,CU,0.02
PT,UA,0.005
PT,PA,0.005
PT,RO,0.005
PT,NP,0.015
PT,AO,0.01
PT,CI,0.01
PT,CV,0.01
AR,US,1.115
AR,GB,0.15
AR,FR,0.08
AR,ES,0.405
AR,IT,0.1
AR,DE,0.03
AR,MX,0.335
AR,CA,0.015
AR,JP,0.025
AR,NL,0.055
AR,BR,1.49
AR,TH,0.015
AR,ID,0.04
AR,SG,0.005
AR,BE,0.035
AR,AE,0.03
AR,AU,0.025
AR,PH,0.025
AR,PT,0.015
AR,RU,0.055
AR,CN,0.01
AR,IN,0.035
AR,AT,0.005
AR,CO,0.185
AR,CL,0.43
AR,NO,0.01
AR,PE,0.155
AR,NZ,0.01
AR,QA,0.015
AR,DO,0.02
AR,MA,0.01
AR,FI,0.01
AR,HR,0.005
AR,CR,0.04
AR,IL,0.01
AR,UY,0.5
AR,CU,0.01
AR,VE,0.025
AR,UA,0.005
AR,EC,0.02
AR,PA,0.02
AR,PY,0.2
AR,RO,0.005
AR,CD,0.01
AR,PK,0.005
AR,HN,0.02
AR,BO,0.025
AR,TZ,0.005
AR,GE,0.01
AR,GT,0.01
AR,IQ,0.005
AR,MQ,0.005
AR,ZM,0.01
AR,AF,0.005
AR,NE,0.005
AR,TD,0.005
AR,PG,0.005
AR,TL,0.005
TR,US,0.435
TR,GB,0.185
TR,FR,0.29
TR,ES,0.16
TR,IT,0.35
TR,DE,0.34
TR,MX,0.025
TR,CA,0.045
TR,JP,0.03
TR,NL,0.17
TR,BR,0.055
TR,TH,0.055
TR,ID,0.08
TR,MY,0.055
TR,SG,0.01
TR,BE,0.055
TR,AE,0.085
TR,AU,0.01
TR,CH,0.055
TR,RU,0.105
TR,KW,0.26
TR,CN,0.05
TR,IN,0.04
TR,HK,0.005
TR,AT,0.035
TR,GR,0.215
TR,KR,0.01
TR,SA,0.095
TR,CO,0.005
TR,SE,0.015
TR,ZA,0.04
TR,TW,0.01
TR,CZ,0.02
TR,DK,0.01
TR,NO,0.005
TR,PL,0.01
TR,EG,0.065
TR,VN,0.005
TR,QA,0.025
TR,HU,0.09
TR,DO,0.01
TR,MA,0.03
TR,HR,0.005
TR,LU,0.005
TR,BS,0.01
TR,IL,0.035
TR,CU,0.005
TR,UA,0.1
TR,EC,0.005
TR,CY,0.34
TR,JO,0.03
TR,RS,0.12
TR,RO,0.03
TR,BG,0.065
TR,MC,0.025
TR,LB,0.03
TR,SI,0.01
TR,BD,0.005
TR,IR,0.015
TR,GE,0.025
TR,BA,0.06
TR,AZ,0.005
TR,ME,0.02
TR,IQ,0.01
TR,MU,0.005
TR,TN,0.005
TR,MK,0.025
TR,AL,0.01
TR,AF,0.01
TR,LY,0.01
TR,KG,0.005
TR,MG,0.01
TR,XK,0.02
TR,TJ,0.01
RU,US,0.485
RU,GB,0.26
RU,FR,0.22
RU,ES,0.205
RU,IT,0.245
RU,DE,0.315
RU,MX,0.18
RU,CA,0.08
RU,JP,0.09
RU,NL,0.16
RU,BR,0.115
RU,TH,0.12
RU,ID,0.075
RU,MY,0.025
RU,SG,0.01
RU,BE,0.1
RU,AE,0.07
RU,AU,0.055
RU,CH,0.025
RU,PH,0.115
RU,IE,0.02
RU,PT,0.035
RU,AR,0.025
RU,TR,0.24
RU,KW,0.025
RU,CN,0.125
RU,IN,0.03
RU,HK,0.015
RU,AT,0.04
RU,GR,0.145
RU,KR,0.055
RU,SA,0.02
RU,CO,0.005
RU,SE,0.12
RU,ZA,0.005
RU,TW,0.005
RU,CZ,0.105
RU,DK,0.07
RU,NO,0.055
RU,PE,0.01
RU,PL,0.085
RU,EG,0.015
RU,VN,0.03
RU,HU,0.09
RU,DO,0.03
RU,MA,0.035
RU,FI,0.195
RU,HR,0.02
RU,IL,0.025
RU,UY,0.005
RU,CU,0.01
RU,UA,0.375
RU,EC,0.005
RU,CY,0.02
RU,JO,0.01
RU,RS,0.065
RU,LK,0.005
RU,CD,0.01
RU,KE,0.005
RU,BG,0.04
RU,KH,0.01
RU,MM,0.005
RU,LB,0.035
RU,LV,0.07
RU,SI,0.02
RU,BD,0.01
RU,TZ,0.01
RU,SK,0.03
RU,IR,0.025
RU,EE,0.085
RU,GE,0.145
RU,MT,0.005
RU,AD,0.01
RU,AZ,0.045
RU,ET,0.005
RU,NP,0.005
RU,BY,0.135
RU,ME,0.02
RU,DZ,0.01
RU,LT,0.035
RU,IQ,0.005
RU,TN,0.01
RU,KZ,0.085
RU,AM,0.045
RU,ZM,0.01
RU,AO,0.01
RU,SM,0.005
RU,UZ,0.025
RU,NE,0.005
RU,MR,0.01
RU,KG,0.01
RU,ML,0.01
RU,TD,0.005
RU,KP,0.005
RU,PG,0.015
RU,MD,0.005
RU,TM,0.005
RU,GW,0.005
KW,US,0.3
KW,GB,0.545
KW,FR,0.08
KW,ES,0.06
KW,IT,0.11
KW,DE,0.09
KW,MX,0.01
KW,CA,0.01
KW,JP,0.025
KW,NL,0.105
KW,TH,0.085
KW,ID,0.025
KW,MY,0.005
KW,SG,0.005
KW,AE,0.955
KW,AU,0.005
KW,CH,0.07
KW,PH,0.01
KW,IE,0.03
KW,TR,0.445
KW,RU,0.03
KW,CN,0.005
KW,IN,0.02
KW,HK,0.035
KW,AT,0.03
KW,GR,0.025
KW,KR,0.01
KW,SA,0.79
KW,SE,0.01
KW,TW,0.005
KW,DK,0.01
KW,PL,0.005
KW,EG,0.325
KW,QA,0.235
KW,MA,0.01
KW,FI,0.005
KW,HR,0.01
KW,BH,0.19
KW,IL,0.01
KW,UA,0.015
KW,JO,0.19
KW,LK,0.01
KW,MC,0.005
KW,LB,0.13
KW,OM,0.03
KW,BD,0.01
KW,TZ,0.035
KW,IR,0.03
KW,GE,0.01
KW,BA,0.055
KW,ZW,0.01
KW,SY,0.035
KW,AZ,0.025
KW,MV,0.025
KW,IQ,0.06
KW,MU,0.01
KW,SC,0.01
KW,SN,0.005
KW,MN,0.01
CN,US,0.51
CN,GB,0.1
CN,FR,0.035
CN,ES,0.045
CN,IT,0.02
CN,DE,0.065
CN,MX,0.06
CN,CA,0.045
CN,JP,0.39
CN,NL,0.025
CN,BR,0.04
CN,TH,0.205
CN,ID,0.13
CN,MY,0.16
CN,SG,0.185
CN,BE,0.01
CN,AE,0.03
CN,AU,0.045
CN,CH,0.015
CN,PH,0.125
CN,AR,0.005
CN,TR,0.04
CN,RU,0.135
CN,KW,0.01
CN,IN,0.085
CN,HK,0.385
CN,KR,0.02
CN,CO,0.015
CN,SE,0.005
CN,ZA,0.015
CN,TW,0.07
CN,CZ,0.005
CN,CL,0.005
CN,NO,0.02
CN,PE,0.01
CN,NZ,0.015
CN,EG,0.005
CN,VN,0.07
CN,QA,0.02
CN,HU,0.015
CN,DO,0.005
CN,MA,0.02
CN,IS,0.005
CN,FI,0.005
CN,LU,0.025
CN,IL,0.005
CN,UY,0.005
CN,CU,0.005
CN,VE,0.005
CN,UA,0.01
CN,NG,0.005
CN,CD,0.005
CN,BG,0.005
CN,MM,0.005
CN,MO,0.2
CN,PK,0.07
CN,BO,0.01
CN,TZ,0.005
CN,IR,0.005
CN,ZW,0.01
CN,SY,0.025
CN,AZ,0.005
CN,ET,0.005
CN,NP,0.02
CN,BY,0.005
CN,DZ,0.025
CN,IQ,0.01
CN,LA,0.01
CN,TN,0.005
CN,KZ,0.005
CN,GL,0.01
CN,ZM,0.005
CN,NE,0.01
CN,BT,0.01
CN,MN,0.01
CN,KP,0.02
CN,AQ,0.005
CN,CM,0.005
CN,TM,0.005
IN,US,1.08
IN,GB,0.35
IN,FR,0.07
IN,ES,0.045
IN,IT,0.04
IN,DE,0.045
IN,MX,0.14
IN,CA,0.06
IN,JP,0.12
IN,NL,0.035
IN,BR,0.05
IN,TH,0.11
IN,ID,0.09
IN,MY,0.075
IN,SG,0.115
IN,AE,0.145
IN,AU,0.085
IN,CH,0.035
IN,PH,0.04
IN,IE,0.01
IN,AR,0.015
IN,TR,0.09
IN,RU,0.045
IN,KW,0.015
IN,CN,0.105
IN,HK,0.06
IN,AT,0.02
IN,GR,0.01
IN,KR,0.01
IN,SA,0.025
IN,CO,0.005
IN,SE,0.03
IN,ZA,0.055
IN,TW,0.03
IN,CL,0.005
IN,PE,0.01
IN,PL,0.035
IN,EG,0.02
IN,VN,0.07
IN,QA,0.025
IN,HU,0.02
IN,FI,0.01
IN,CU,0.01
IN,VE,0.005
IN,UA,0.01
IN,NG,0.015
IN,PY,0.01
IN,RS,0.01
IN,LK,0.085
IN,CD,0.01
IN,KE,0.005
IN,KH,0.015
IN,MM,0.035
IN,LB,0.005
IN,PK,0.05
IN,OM,0.01
IN,BD,0.05
IN,TZ,0.005
IN,IR,0.01
IN,SV,0.005
IN,MV,0.01
IN,ET,0.01
IN,NP,0.07
IN,BY,0.01
IN,TT,0.005
IN,MU,0.02
IN,BN,0.005
IN,SC,0.025
IN,GL,0.005
IN,BT,0.005
IN,RE,0.005
IN,KG,0.005
IN,YE,0.01
IN,SL,0.005
HK,US,0.21
HK,GB,0.09
HK,FR,0.06
HK,ES,0.01
HK,IT,0.02
HK,DE,0.035
HK,CA,0.045
HK,JP,0.425
HK,NL,0.01
HK,BR,0.01
HK,TH,0.285
HK,ID,0.17
HK,MY,0.1
HK,SG,0.165
HK,AE,0.03
HK,AU,0.125
HK,CH,0.02
HK,PH,0.46
HK,RU,0.03
HK,KW,0.005
HK,CN,0.325
HK,IN,0.04
HK,AT,0.005
HK,KR,0.135
HK,ZA,0.025
HK,TW,0.07
HK,DK,0.005
HK,NZ,0.015
HK,VN,0.04
HK,QA,0.01
HK,HU,0.005
HK,FI,0.005
HK,VE,0.005
HK,JO,0.005
HK,KH,0.015
HK,MO,0.275
HK,NP,0.01
AT,US,0.155
AT,GB,0.315
AT,FR,0.095
AT,ES,0.135
AT,IT,0.38
AT,DE,0.995
AT,CA,0.03
AT,JP,0.01
AT,NL,0.105
AT,BR,0.01
AT,TH,0.025
AT,ID,0.015
AT,SG,0.015
AT,BE,0.03
AT,AE,0.005
AT,CH,0.13
AT,PH,0.005
AT,IE,0.005
AT,PT,0.02
AT,TR,0.01
AT,RU,0.015
AT,KW,0.01
AT,IN,0.01
AT,HK,0.01
AT,GR,0.025
AT,CO,0.005
AT,SE,0.02
AT,ZA,0.005
AT,TW,0.01
AT,CZ,0.235
AT,DK,0.01
AT,PL,0.02
AT,EG,0.01
AT,VN,0.01
AT,QA,0.005
AT,HU,0.115
AT,MA,0.005
AT,FI,0.005
AT,HR,0.065
AT,CR,0.02
AT,UA,0.005
AT,CY,0.01
AT,RS,0.02
AT,RO,0.02
AT,BG,0.005
AT,LB,0.01
AT,LV,0.005
AT,SI,0.055
AT,SK,0.06
AT,EE,0.01
AT,BA,0.005
AT,AM,0.005
AT,LI,0.005
GR,US,0.345
GR,GB,0.585
GR,FR,0.125
GR,ES,0.07
GR,IT,0.17
GR,DE,0.065
GR,MX,0.015
GR,CA,0.01
GR,JP,0.01
GR,NL,0.08
GR,TH,0.01
GR,ID,0.025
GR,SG,0.03
GR,AU,0.01
GR,CH,0.035
GR,PH,0.01
GR,PT,0.005
GR,AR,0.005
GR,TR,0.19
GR,RU,0.04
GR,KW,0.015
GR,IN,0.005
GR,AT,0.01
GR,SE,0.005
GR,TW,0.01
GR,CZ,0.01
GR,DK,0.02
GR,NO,0.005
GR,PL,0.02
GR,EG,0.01
GR,HU,0.025
GR,MA,0.005
GR,FI,0.015
GR,HR,0.03
GR,CR,0.01
GR,LU,0.005
GR,IL,0.025
GR,CU,0.015
GR,CY,0.03
GR,JO,0.01
GR,PY,0.005
GR,RS,0.02
GR,RO,0.01
GR,BG,0.11
GR,MC,0.005
GR,LV,0.015
GR,MT,0.01
GR,ZW,0.005
GR,SY,0.01
GR,NP,0.005
GR,ME,0.01
GR,LT,0.01
GR,MK,0.01
GR,AG,0.01
KR,US,0.27
KR,GB,0.025
KR,FR,0.04
KR,ES,0.035
KR,IT,0.05
KR,DE,0.04
KR,MX,0.03
KR,CA,0.02
KR,JP,0.755
KR,NL,0.005
KR,BR,0.025
KR,TH,0.17
KR,ID,0.255
KR,MY,0.135
KR,SG,0.085
KR,AE,0.045
KR,AU,0.02
KR,PH,0.28
KR,TR,0.01
KR,RU,0.03
KR,CN,0.075
KR,HK,0.07
KR,AT,0.02
KR,GR,0.02
KR,CO,0.005
KR,TW,0.03
KR,NZ,0.015
KR,VN,0.055
KR,QA,0.02
KR,FI,0.005
KR,LU,0.005
KR,OM,0.02
KR,BD,0.005
KR,NP,0.025
KR,LA,0.005
KR,BN,0.015
KR,AG,0.015
KR,KP,0.005
SA,US,0.19
SA,GB,0.255
SA,FR,0.115
SA,ES,0.05
SA,IT,0.015
SA,DE,0.035
SA,CA,0.005
SA,JP,0.015
SA,NL,0.025
SA,BR,0.01
SA,TH,0.035
SA,ID,0.12
SA,MY,0.065
SA,SG,0.01
SA,BE,0.01
SA,AE,0.735
SA,AU,0.05
SA,CH,0.01
SA,PH,0.075
SA,TR,0.225
SA,RU,0.02
SA,KW,0.825
SA,IN,0.025
SA,HK,0.02
SA,AT,0.005
SA,GR,0.01
SA,ZA,0.02
SA,EG,0.435
SA,QA,0.105
SA,MA,0.05
SA,BH,0.95
SA,IL,0.04
SA,VE,0.01
SA,NG,0.015
SA,JO,0.105
SA,KE,0.005
SA,LB,0.09
SA,PK,0.055
SA,OM,0.035
SA,GU,0.005
SA,BD,0.005
SA,IR,0.02
SA,GE,0.005
SA,BA,0.005
SA,AZ,0.01
SA,MV,0.01
SA,AF,0.005
CO,US,0.915
CO,GB,0.06
CO,FR,0.04
CO,ES,0.205
CO,IT,0.01
CO,DE,0.02
CO,MX,0.26
CO,JP,0.035
CO,NL,0.01
CO,BR,0.165
CO,ID,0.025
CO,MY,0.105
CO,CH,0.045
CO,AR,0.16
CO,RU,0.025
CO,CN,0.005
CO,IN,0.015
CO,SE,0.01
CO,CL,0.095
CO,PE,0.14
CO,PL,0.005
CO,VN,0.005
CO,HU,0.01
CO,DO,0.005
CO,CR,0.045
CO,UY,0.02
CO,CU,0.025
CO,VE,0.175
CO,EC,0.105
CO,PA,0.14
CO,PY,0.035
CO,KE,0.015
CO,LV,0.005
CO,BO,0.025
CO,AW,0.01
CO,SY,0.005
CO,SV,0.01
CO,IM,0.01
CO,ET,0.005
CO,AM,0.01
CO,SO,0.01
CO,BQ,0.01
SE,US,0.325
SE,GB,0.6
SE,FR,0.12
SE,ES,0.265
SE,IT,0.04
SE,DE,0.205
SE,MX,0.045
SE,JP,0.01
SE,NL,0.08
SE,BR,0.015
SE,TH,0.01
SE,ID,0.01
SE,MY,0.005
SE,BE,0.035
SE,CH,0.045
SE,PH,0.015
SE,IE,0.015
SE,TR,0.01
SE,RU,0.115
SE,KW,0.01
SE,CN,0.005
SE,IN,0.005
SE,AT,0.01
SE,GR,0.025
SE,CO,0.01
SE,ZA,0.01
SE,CZ,0.01
SE,DK,0.34
SE,NO,0.24
SE,PL,0.09
SE,EG,0.005
SE,VN,0.005
SE,HU,0.02
SE,DO,0.01
SE,MA,0.005
SE,IS,0.03
SE,FI,0.12
SE,HR,0.02
SE,LU,0.01
SE,UY,0.01
SE,CY,0.005
SE,RS,0.01
SE,LB,0.01
SE,LV,0.04
SE,SK,0.005
SE,EE,0.03
SE,IQ,0.005
SE,FO,0.01
SE,GY,0.01
SE,GN,0.01
SE,CF,0.005
ZA,US,0.63
ZA,GB,0.235
ZA,FR,0.06
ZA,ES,0.03
ZA,IT,0.025
ZA,DE,0.02
ZA,MX,0.035
ZA,CA,0.045
ZA,JP,0.02
ZA,NL,0.1
ZA,BR,0.015
ZA,TH,0.015
ZA,ID,0.025
ZA,MY,0.035
ZA,SG,0.02
ZA,BE,0.02
ZA,AE,0.065
ZA,AU,0.085
ZA,CH,0.04
ZA,PH,0.035
ZA,IE,0.005
ZA,TR,0.01
ZA,RU,0.015
ZA,KW,0.01
ZA,CN,0.035
ZA,IN,0.05
ZA,HK,0.015
ZA,DK,0.005
ZA,NO,0.005
ZA,NZ,0.01
ZA,EG,0.015
ZA,QA,0.015
ZA,DO,0.02
ZA,MA,0.01
ZA,HR,0.01
ZA,LU,0.005
ZA,IL,0.005
ZA,EC,0.005
ZA,CY,0.005
ZA,NG,0.04
ZA,RO,0.01
ZA,LK,0.025
ZA,KE,0.025
ZA,MC,0.005
ZA,PK,0.015
ZA,GH,0.03
ZA,ZW,0.11
ZA,MV,0.01
ZA,ET,0.01
ZA,BW,0.105
ZA,UG,0.02
ZA,MU,0.045
ZA,KZ,0.005
ZA,MK,0.005
ZA,AG,0.005
ZA,MZ,0.105
ZA,RW,0.02
ZA,SN,0.01
ZA,GL,0.01
ZA,CI,0.005
ZA,SZ,0.065
ZA,RE,0.005
ZA,LS,0.045
ZA,LR,0.03
ZA,MW,0.005
TW,US,0.24
TW,GB,0.035
TW,FR,0.005
TW,ES,0.005
TW,DE,0.02
TW,MX,0.005
TW,CA,0.025
TW,JP,0.885
TW,NL,0.03
TW,BR,0.01
TW,TH,0.16
TW,ID,0.055
TW,MY,0.08
TW,SG,0.135
TW,AE,0.035
TW,AU,0.005
TW,PH,0.205
TW,TR,0.025
TW,RU,0.01
TW,CN,0.07
TW,IN,0.03
TW,HK,0.065
TW,AT,0.005
TW,KR,0.075
TW,VN,0.025
TW,RO,0.005
TW,KH,0.015
TW,GT,0.005
TW,PW,0.01
CZ,US,0.13
CZ,GB,0.27
CZ,FR,0.185
CZ,ES,0.08
CZ,IT,0.155
CZ,DE,0.45
CZ,MX,0.005
CZ,CA,0.01
CZ,NL,0.055
CZ,BR,0.01
CZ,TH,0.015
CZ,ID,0.005
CZ,BE,0.085
CZ,AE,0.015
CZ,AU,0.025
CZ,CH,0.04
CZ,PH,0.005
CZ,IE,0.03
CZ,PT,0.02
CZ,TR,0.01
CZ,RU,0.07
CZ,CN,0.005
CZ,IN,0.005
CZ,AT,0.24
CZ,GR,0.035
CZ,SE,0.01
CZ,PL,0.105
CZ,EG,0.01
CZ,HU,0.08
CZ,IS,0.01
CZ,FI,0.01
CZ,HR,0.015
CZ,BH,0.005
CZ,IL,0.005
CZ,UA,0.01
CZ,VA,0.01
CZ,RO,0.015
CZ,KE,0.005
CZ,SI,0.015
CZ,TZ,0.005
CZ,SK,0.08
CZ,TN,0.005
CZ,MQ,0.005
CZ,MF,0.01
DK,US,0.245
DK,GB,0.405
DK,FR,0.13
DK,ES,0.12
DK,IT,0.06
DK,DE,0.305
DK,CA,0.03
DK,JP,0.015
DK,NL,0.12
DK,TH,0.005
DK,MY,0.01
DK,SG,0.005
DK,BE,0.065
DK,AE,0.01
DK,CH,0.04
DK,IE,0.02
DK,PT,0.045
DK,AR,0.005
DK,RU,0.05
DK,KW,0.01
DK,HK,0.01
DK,AT,0.015
DK,GR,0.025
DK,SE,0.295
DK,CZ,0.01
DK,CL,0.005
DK,NO,0.095
DK,PL,0.035
DK,EG,0.03
DK,HU,0.005
DK,IS,0.01
DK,FI,0.06
DK,HR,0.005
DK,BH,0.005
DK,BS,0.01
DK,RO,0.005
DK,EE,0.015
DK,LT,0.005
DK,MU,0.005
DK,FO,0.005
CL,US,0.445
CL,GB,0.07
CL,FR,0.085
CL,ES,0.055
CL,IT,0.025
CL,DE,0.04
CL,MX,0.14
CL,CA,0.03
CL,JP,0.04
CL,BR,0.325
CL,TH,0.005
CL,AU,0.025
CL,CH,0.025
CL,PT,0.015
CL,AR,0.485
CL,CN,0.005
CL,IN,0.01
CL,GR,0.01
CL,CO,0.1
CL,CZ,0.005
CL,DK,0.005
CL,PE,0.21
CL,PL,0.03
CL,NZ,0.005
CL,HU,0.005
CL,DO,0.045
CL,MA,0.01
CL,FI,0.005
CL,CR,0.015
CL,BS,0.005
CL,UY,0.035
CL,CU,0.01
CL,VE,0.03
CL,EC,0.07
CL,PA,0.015
CL,PY,0.005
CL,RS,0.005
CL,BO,0.095
CL,AW,0.015
CL,TT,0.005
CL,GN,0.005
NO,US,0.415
NO,GB,0.225
NO,FR,0.035
NO,ES,0.085
NO,IT,0.03
NO,DE,0.19
NO,MX,0.03
NO,CA,0.02
NO,JP,0.01
NO,NL,0.035
NO,BR,0.005
NO,TH,0.01
NO,ID,0.025
NO,BE,0.025
NO,AU,0.015
NO,CH,0.04
NO,PH,0.01
NO,IE,0.01
NO,PT,0.015
NO,AR,0.005
NO,TR,0.015
NO,RU,0.045
NO,CN,0.02
NO,IN,0.01
NO,AT,0.02
NO,GR,0.03
NO,SE,0.32
NO,ZA,0.005
NO,DK,0.135
NO,NZ,0.02
NO,MA,0.01
NO,IS,0.07
NO,FI,0.025
NO,HR,0.015
NO,VE,0.01
NO,RS,0.04
NO,KE,0.005
NO,KH,0.005
NO,LV,0.025
NO,EE,0.02
NO,MT,0.005
NO,GI,0.005
NO,GL,0.01
PE,US,0.185
PE,GB,0.025
PE,FR,0.04
PE,ES,0.045
PE,DE,0.005
PE,MX,0.255
PE,JP,0.01
PE,NL,0.005
PE,BR,0.195
PE,ID,0.005
PE,MY,0.01
PE,SG,0.02
PE,BE,0.005
PE,AE,0.01
PE,AU,0.025
PE,CH,0.01
PE,AR,0.185
PE,RU,0.02
PE,CN,0.015
PE,IN,0.01
PE,CO,0.11
PE,SE,0.005
PE,CL,0.175
PE,PL,0.005
PE,EG,0.015
PE,DO,0.01
PE,CR,0.05
PE,CU,0.005
PE,VE,0.075
PE,EC,0.09
PE,PA,0.115
PE,JO,0.005
PE,RO,0.01
PE,PK,0.005
PE,BO,0.025
PE,BA,0.015
PE,SY,0.005
PE,NI,0.03
PE,LA,0.005
PE,NE,0.01
PE,SB,0.015
PL,US,0.26
PL,GB,0.245
PL,FR,0.105
PL,ES,0.135
PL,IT,0.095
PL,DE,0.22
PL,MX,0.03
PL,CA,0.005
PL,NL,0.075
PL,BR,0.02
PL,TH,0.04
PL,ID,0.04
PL,SG,0.005
PL,BE,0.035
PL,AE,0.01
PL,CH,0.015
PL,PH,0.005
PL,IE,0.01
PL,TR,0.005
PL,RU,0.035
PL,IN,0.09
PL,AT,0.025
PL,GR,0.01
PL,SE,0.045
PL,CZ,0.05
PL,DK,0.005
PL,CL,0.01
PL,PE,0.005
PL,EG,0.01
PL,QA,0.005
PL,HU,0.035
PL,IS,0.035
PL,FI,0.02
PL,CR,0.005
PL,IL,0.005
PL,UA,0.015
PL,RS,0.005
PL,RO,0.01
PL,KH,0.005
PL,LV,0.01
PL,SK,0.025
PL,IR,0.005
PL,SV,0.005
PL,NP,0.005
PL,BY,0.005
PL,LT,0.045
PL,IQ,0.005
PL,AM,0.01
PL,KG,0.01
PL,MG,0.005
PL,MD,0.005
NZ,US,0.285
NZ,GB,0.1
NZ,FR,0.06
NZ,ES,0.02
NZ,IT,0.065
NZ,DE,0.02
NZ,MX,0.005
NZ,CA,0.08
NZ,JP,0.035
NZ,NL,0.03
NZ,BR,0.01
NZ,TH,0.06
NZ,ID,0.035
NZ,MY,0.07
NZ,SG,0.08
NZ,AE,0.015
NZ,AU,0.46
NZ,CH,0.015
NZ,PH,0.02
NZ,IE,0.005
NZ,AR,0.01
NZ,CN,0.01
NZ,HK,0.05
NZ,KR,0.015
NZ,ZA,0.02
NZ,TW,0.01
NZ,IS,0.005
NZ,IL,0.005
NZ,LK,0.23
NZ,MM,0.225
NZ,PK,0.005
NZ,SK,0.015
NZ,EE,0.015
NZ,NP,0.005
NZ,DZ,0.005
NZ,LA,0.005
NZ,VU,0.005
EG,US,0.24
EG,GB,0.01
EG,FR,0.05
EG,ES,0.03
EG,IT,0.04
EG,DE,0.005
EG,JP,0.02
EG,NL,0.005
EG,BR,0.04
EG,TH,0.015
EG,MY,0.01
EG,BE,0.005
EG,AE,0.01
EG,AU,0.02
EG,PH,0.015
EG,TR,0.04
EG,RU,0.01
EG,KW,0.235
EG,CN,0.01
EG,IN,0.005
EG,GR,0.015
EG,SA,0.19
EG,ZA,0.01
EG,DK,0.02
EG,PL,0.01
EG,QA,0.015
EG,HU,0.005
EG,MA,0.05
EG,CR,0.005
EG,BH,0.04
EG,IL,0.005
EG,UA,0.005
EG,NG,0.015
EG,JO,0.085
EG,CD,0.015
EG,LB,0.045
EG,BD,0.005
EG,IR,0.005
EG,GH,0.005
EG,SY,0.01
EG,ET,0.025
EG,NI,0.005
EG,IQ,0.01
EG,MU,0.015
VN,US,0.115
VN,GB,0.005
VN,FR,0.01
VN,IT,0.015
VN,DE,0.005
VN,MX,0.02
VN,CA,0.01
VN,JP,0.135
VN,NL,0.01
VN,BR,0.015
VN,TH,0.17
VN,ID,0.055
VN,MY,0.19
VN,SG,0.08
VN,AE,0.01
VN,AU,0.01
VN,PH,0.08
VN,RU,0.045
VN,CN,0.005
VN,IN,0.045
VN,HK,0.035
VN,AT,0.01
VN,KR,0.105
VN,SE,0.005
VN,TW,0.015
VN,DK,0.005
VN,PE,0.005
VN,IL,0.005
VN,UY,0.005
VN,VE,0.005
VN,UA,0.01
VN,KH,0.115
VN,IR,0.005
VN,MT,0.01
VN,SY,0.005
VN,MV,0.005
VN,TT,0.01
VN,LA,0.005
VN,BT,0.005
QA,US,0.075
QA,GB,0.235
QA,FR,0.05
QA,ES,0.065
QA,IT,0.01
QA,DE,0.06
QA,CA,0.03
QA,JP,0.055
QA,NL,0.03
QA,TH,0.095
QA,ID,0.07
QA,MY,0.04
QA,BE,0.02
QA,AE,0.135
QA,AU,0.035
QA,PH,0.03
QA,AR,0.015
QA,TR,0.1
QA,RU,0.02
QA,KW,0.275
QA,CN,0.015
QA,IN,0.025
QA,HK,0.01
QA,AT,0.01
QA,KR,0.035
QA,SA,0.09
QA,ZA,0.015
QA,DK,0.01
QA,PL,0.005
QA,EG,0.02
QA,VN,0.005
QA,HU,0.02
QA,MA,0.03
QA,IS,0.005
QA,FI,0.005
QA,HR,0.01
QA,BH,0.05
QA,IL,0.055
QA,UA,0.01
QA,NG,0.01
QA,LK,0.04
QA,LB,0.01
QA,OM,0.015
QA,BD,0.01
QA,AZ,0.005
QA,UG,0.005
QA,SC,0.005
QA,CI,0.01
QA,DJ,0.005
HU,US,0.085
HU,GB,0.23
HU,FR,0.035
HU,ES,0.04
HU,IT,0.11
HU,DE,0.115
HU,MX,0.015
HU,JP,0.005
HU,NL,0.05
HU,BR,0.005
HU,TH,0.005
HU,ID,0.02
HU,SG,0.015
HU,BE,0.01
HU,AU,0.01
HU,CH,0.01
HU,PT,0.04
HU,TR,0.015
HU,RU,0.075
HU,IN,0.01
HU,HK,0.005
HU,AT,0.18
HU,GR,0.025
HU,CO,0.01
HU,CZ,0.06
HU,DK,0.005
HU,CL,0.015
HU,PL,0.01
HU,EG,0.005
HU,FI,0.01
HU,HR,0.045
HU,UA,0.025
HU,RS,0.03
HU,RO,0.06
HU,BG,0.01
HU,SI,0.01
HU,SK,0.04
HU,BA,0.01
HU,IM,0.005
DO,US,0.8
DO,GB,0.05
DO,FR,0.005
DO,ES,0.08
DO,IT,0.015
DO,DE,0.01
DO,MX,0.01
DO,CA,0.01
DO,JP,0.005
DO,NL,0.005
DO,ID,0.015
DO,BE,0.015
DO,AE,0.005
DO,AR,0.02
DO,RU,0.025
DO,CN,0.005
DO,AT,0.005
DO,GR,0.01
DO,CO,0.025
DO,SE,0.005
DO,ZA,0.02
DO,CL,0.025
DO,PL,0.015
DO,CR,0.02
DO,UY,0.005
DO,CU,0.01
DO,VE,0.055
DO,JM,0.005
DO,PA,0.02
DO,PY,0.005
DO,BB,0.02
DO,AW,0.01
DO,GT,0.015
DO,ET,0.005
DO,DZ,0.01
DO,LT,0.01
DO,TC,0.02
DO,HT,0.03
DO,KZ,0.005
DO,MN,0.005
MA,US,0.175
MA,GB,0.135
MA,FR,0.115
MA,ES,0.205
MA,IT,0.035
MA,DE,0.045
MA,MX,0.01
MA,CA,0.01
MA,NL,0.015
MA,BR,0.03
MA,ID,0.06
MA,BE,0.015
MA,AE,0.015
MA,AU,0.01
MA,CH,0.01
MA,PH,0.005
MA,IE,0.01
MA,PT,0.055
MA,TR,0.03
MA,RU,0.015
MA,SA,0.035
MA,CO,0.01
MA,SE,0.005
MA,ZA,0.01
MA,DK,0.01
MA,NO,0.01
MA,EG,0.02
MA,VN,0.005
MA,QA,0.015
MA,FI,0.01
MA,UA,0.005
MA,NG,0.005
MA,GH,0.02
MA,TN,0.005
MA,MR,0.015
MA,TD,0.01
MA,FK,0.01
MA,GW,0.01
IS,US,0.54
IS,GB,0.22
IS,FR,0.045
IS,ES,0.01
IS,DE,0.07
IS,MX,0.04
IS,CA,0.05
IS,NL,0.04
IS,TH,0.04
IS,ID,0.01
IS,MY,0.02
IS,SG,0.01
IS,BE,0.02
IS,AU,0.015
IS,CH,0.005
IS,IE,0.02
IS,RU,0.005
IS,IN,0.01
IS,GR,0.015
IS,SE,0.01
IS,TW,0.015
IS,CZ,0.01
IS,DK,0.015
IS,NO,0.02
IS,HU,0.01
IS,FI,0.005
IS,IL,0.005
IS,UA,0.01
IS,GE,0.005
IS,GL,0.01
FI,US,0.305
FI,GB,0.23
FI,FR,0.115
FI,ES,0.085
FI,IT,0.045
FI,DE,0.145
FI,MX,0.02
FI,CA,0.025
FI,JP,0.04
FI,NL,0.025
FI,SG,0.01
FI,AE,0.005
FI,CH,0.005
FI,PT,0.03
FI,RU,0.075
FI,IN,0.025
FI,HK,0.005
FI,AT,0.005
FI,GR,0.015
FI,KR,0.005
FI,SE,0.155
FI,CZ,0.025
FI,DK,0.04
FI,CL,0.01
FI,NO,0.065
FI,PL,0.015
FI,EG,0.005
FI,QA,0.01
FI,HU,0.02
FI,IS,0.02
FI,HR,0.01
FI,EC,0.005
FI,LV,0.005
FI,EE,0.055
FI,ET,0.02
FI,BY,0.005
FI,LT,0.01
FI,AX,0.01
HR,US,0.26
HR,GB,0.125
HR,FR,0.05
HR,ES,0.02
HR,IT,0.105
HR,DE,0.025
HR,MX,0.01
HR,CA,0.045
HR,JP,0.005
HR,NL,0.01
HR,BR,0.01
HR,TH,0.015
HR,ID,0.01
HR,SG,0.005
HR,BE,0.01
HR,CH,0.02
HR,PH,0.01
HR,IE,0.005
HR,PT,0.01
HR,TR,0.005
HR,KW,0.01
HR,CN,0.005
HR,HK,0.01
HR,AT,0.045
HR,GR,0.04
HR,SE,0.025
HR,CZ,0.01
HR,DK,0.01
HR,NO,0.015
HR,PL,0.005
HR,VN,0.005
HR,HU,0.025
HR,FI,0.015
HR,CR,0.02
HR,IL,0.005
HR,RS,0.025
HR,MC,0.005
HR,SI,0.03
HR,SK,0.005
HR,BA,0.065
HR,AZ,0.005
HR,ME,0.04
HR,AL,0.015
HR,VU,0.01
CR,US,0.46
CR,GB,0.03
CR,FR,0.005
CR,ES,0.115
CR,IT,0.015
CR,DE,0.01
CR,MX,0.15
CR,CA,0.025
CR,BR,0.025
CR,MY,0.005
CR,CH,0.005
CR,PT,0.005
CR,AR,0.03
CR,RU,0.005
CR,KW,0.005
CR,GR,0.005
CR,CO,0.035
CR,CL,0.025
CR,PE,0.05
CR,PL,0.005
CR,DO,0.01
CR,HR,0.01
CR,CU,0.01
CR,VE,0.035
CR,EC,0.005
CR,PA,0.01
CR,HN,0.025
CR,GT,0.025
CR,SV,0.015
CR,NI,0.015
CR,RW,0.005
BH,US,0.07
BH,GB,0.025
BH,IT,0.045
BH,NL,0.01
BH,TH,0.025
BH,ID,0.01
BH,AE,0.1
BH,AU,0.005
BH,PH,0.005
BH,TR,0.12
BH,RU,0.015
BH,KW,0.29
BH,IN,0.005
BH,AT,0.01
BH,SA,0.775
BH,DK,0.005
BH,EG,0.06
BH,VN,0.01
BH,QA,0.03
BH,MA,0.015
BH,IL,0.02
BH,NG,0.01
BH,LB,0.005
BH,OM,0.005
BH,SY,0.01
BH,NP,0.005
BH,DZ,0.005
BH,IQ,0.02
BH,MF,0.01
BH,LY,0.01
LU,US,0.62
LU,GB,0.025
LU,FR,0.2
LU,DE,0.11
LU,CA,0.005
LU,NL,0.02
LU,BR,0.015
LU,SG,0.01
LU,BE,0.01
LU,CH,0.01
LU,CN,0.045
LU,IN,0.005
LU,KR,0.005
LU,SE,0.03
LU,ZA,0.005
LU,DK,0.005
LU,VN,0.005
LU,UA,0.005
LU,IR,0.005
LU,GI,0.005
BS,US,0.85
BS,GB,0.02
BS,ES,0.005
BS,IT,0.01
BS,MX,0.025
BS,CA,0.01
BS,BR,0.005
BS,ID,0.01
BS,RU,0.005
BS,ZA,0.005
BS,CL,0.005
BS,DO,0.04
BS,AW,0.02
BS,KY,0.01
BS,TT,0.01
BS,TC,0.015
BS,BM,0.005
BS,KN,0.015
IL,US,0.25
IL,GB,0.09
IL,FR,0.04
IL,ES,0.03
IL,IT,0.02
IL,DE,0.085
IL,CA,0.01
IL,JP,0.01
IL,NL,0.04
IL,BR,0.01
IL,ID,0.005
IL,SG,0.005
IL,BE,0.01
IL,AE,0.015
IL,CH,0.015
IL,PH,0.005
IL,PT,0.02
IL,AR,0.02
IL,TR,0.07
IL,RU,0.02
IL,KW,0.01
IL,CN,0.01
IL,IN,0.005
IL,AT,0.01
IL,GR,0.02
IL,SA,0.03
IL,CO,0.005
IL,ZA,0.005
IL,PE,0.005
IL,PL,0.015
IL,EG,0.025
IL,QA,0.035
IL,HR,0.005
IL,BH,0.005
IL,UA,0.01
IL,CY,0.015
IL,NG,0.01
IL,JO,0.06
IL,RS,0.01
IL,BG,0.005
IL,LV,0.01
IL,SY,0.015
IL,SV,0.005
IL,BI,0.01
UY,US,0.085
UY,FR,0.01
UY,ES,0.03
UY,IT,0.02
UY,DE,0.015
UY,MX,0.015
UY,CA,0.005
UY,BR,0.325
UY,BE,0.005
UY,AU,0.01
UY,PH,0.02
UY,AR,0.32
UY,RU,0.01
UY,CN,0.005
UY,IN,0.005
UY,CO,0.02
UY,DK,0.005
UY,CL,0.055
UY,PE,0.005
UY,DO,0.01
UY,MA,0.005
UY,VE,0.03
UY,PY,0.01
UY,MC,0.01
UY,HN,0.005
UY,BO,0.005
UY,IR,0.01
CU,US,0.45
CU,GB,0.035
CU,FR,0.005
CU,ES,0.01
CU,IT,0.01
CU,DE,0.01
CU,MX,0.105
CU,CA,0.005
CU,JP,0.015
CU,NL,0.01
CU,BR,0.035
CU,PT,0.025
CU,RU,0.03
CU,IN,0.01
CU,GR,0.005
CU,CO,0.03
CU,DK,0.005
CU,CL,0.005
CU,PE,0.005
CU,PL,0.005
CU,VN,0.005
CU,DO,0.005
CU,BS,0.005
CU,VE,0.01
CU,JM,0.015
CU,EC,0.01
CU,PA,0.02
VE,US,0.22
VE,GB,0.025
VE,FR,0.04
VE,ES,0.095
VE,IT,0.005
VE,MX,0.11
VE,CA,0.015
VE,JP,0.01
VE,BR,0.02
VE,ID,0.005
VE,BE,0.005
VE,AU,0.005
VE,CH,0.005
VE,PT,0.015
VE,AR,0.025
VE,TR,0.01
VE,GR,0.005
VE,CO,0.18
VE,ZA,0.015
VE,CL,0.015
VE,PE,0.035
VE,VN,0.005
VE,DO,0.05
VE,CR,0.035
VE,LU,0.005
VE,CU,0.005
VE,EC,0.02
VE,PA,0.055
VE,NG,0.005
VE,PY,0.03
VE,SI,0.015
VE,AW,0.015
VE,TT,0.01
VE,CW,0.005
UA,US,0.07
UA,GB,0.045
UA,FR,0.01
UA,ES,0.01
UA,IT,0.03
UA,DE,0.01
UA,MX,0.025
UA,CA,0.02
UA,JP,0.015
UA,NL,0.005
UA,ID,0.005
UA,AE,0.02
UA,CH,0.01
UA,PT,0.005
UA,TR,0.09
UA,RU,0.175
UA,CN,0.005
UA,GR,0.02
UA,SA,0.005
UA,CO,0.01
UA,CZ,0.02
UA,PE,0.005
UA,PL,0.025
UA,EG,0.015
UA,VN,0.01
UA,QA,0.005
UA,LU,0.015
UA,IL,0.005
UA,CD,0.005
UA,LV,0.005
UA,SI,0.015
UA,SK,0.005
UA,GH,0.01
UA,GE,0.015
UA,SY,0.01
UA,BY,0.015
UA,LT,0.01
UA,MK,0.005
UA,AM,0.005
UA,ZM,0.005
UA,MD,0.01
JM,US,0.48
JM,GB,0.06
JM,FR,0.005
JM,IT,0.01
JM,DE,0.01
JM,MX,0.035
JM,CA,0.075
JM,TH,0.015
JM,AE,0.01
JM,AU,0.005
JM,PH,0.005
JM,CO,0.005
JM,PE,0.01
JM,EG,0.005
JM,BS,0.01
JM,KE,0.01
JM,HN,0.01
JM,IR,0.005
JM,HT,0.015
JM,SN,0.005
VA,US,0.05
VA,GB,0.035
VA,FR,0.01
VA,ES,0.025
VA,IT,0.73
VA,JP,0.005
VA,BR,0.015
VA,AU,0.005
VA,PT,0.01
VA,GR,0.005
VA,CO,0.01
EC,US,0.385
EC,GB,0.01
EC,FR,0.01
EC,ES,0.045
EC,IT,0.005
EC,MX,0.085
EC,CA,0.035
EC,JP,0.02
EC,NL,0.01
EC,BR,0.04
EC,AE,0.01
EC,PT,0.01
EC,AR,0.075
EC,TR,0.01
EC,RU,0.005
EC,GR,0.01
EC,CO,0.11
EC,SE,0.01
EC,CL,0.1
EC,PE,0.115
EC,EG,0.005
EC,FI,0.005
EC,CU,0.025
EC,VE,0.02
EC,PA,0.025
EC,PY,0.01
EC,RS,0.01
EC,BD,0.005
EC,BO,0.005
EC,BA,0.005
EC,MZ,0.005
EC,TD,0.005
PA,US,0.33
PA,GB,0.01
PA,FR,0.01
PA,ES,0.01
PA,IT,0.005
PA,MX,0.1
PA,CA,0.005
PA,JP,0.01
PA,BR,0.01
PA,MY,0.005
PA,SG,0.015
PA,AU,0.005
PA,PH,0.005
PA,PT,0.01
PA,AR,0.26
PA,RU,0.01
PA,CN,0.025
PA,HK,0.01
PA,SA,0.005
PA,CO,0.18
PA,DK,0.005
PA,CL,0.025
PA,PE,0.105
PA,PL,0.015
PA,DO,0.02
PA,IS,0.01
PA,CR,0.045
PA,CU,0.02
PA,VE,0.08
PA,EC,0.025
PA,HN,0.005
PA,BB,0.01
PA,BO,0.005
PA,AW,0.01
PA,GT,0.005
PA,TT,0.01
CY,US,0.005
CY,GB,0.165
CY,ES,0.01
CY,IT,0.01
CY,NL,0.005
CY,AE,0.005
CY,TR,0.235
CY,RU,0.01
CY,AT,0.005
CY,GR,0.08
CY,SE,0.005
CY,QA,0.005
CY,IL,0.015
CY,SK,0.005
NG,US,0.29
NG,GB,0.11
NG,ES,0.005
NG,DE,0.025
NG,MX,0.005
NG,CA,0.01
NG,JP,0.005
NG,NL,0.02
NG,MY,0.015
NG,AE,0.05
NG,CH,0.005
NG,TR,0.005
NG,RU,0.02
NG,CN,0.01
NG,IN,0.025
NG,GR,0.015
NG,SA,0.015
NG,ZA,0.05
NG,EG,0.035
NG,VN,0.01
NG,MA,0.01
NG,VE,0.005
NG,CD,0.01
NG,KE,0.01
NG,OM,0.005
NG,TZ,0.035
NG,GH,0.045
NG,UG,0.01
NG,MU,0.01
NG,MZ,0.005
NG,RW,0.01
NG,CM,0.005
NG,BJ,0.01
JO,US,0.025
JO,GB,0.03
JO,FR,0.01
JO,ES,0.015
JO,CA,0.01
JO,NL,0.01
JO,TH,0.01
JO,ID,0.005
JO,MY,0.02
JO,AE,0.015
JO,PH,0.005
JO,TR,0.025
JO,RU,0.01
JO,KW,0.185
JO,AT,0.02
JO,GR,0.005
JO,KR,0.01
JO,SA,0.045
JO,CO,0.01
JO,DK,0.015
JO,EG,0.065
JO,VN,0.005
JO,QA,0.015
JO,BH,0.005
JO,IL,0.025
JO,LB,0.02
JO,OM,0.01
JO,ET,0.01
PY,US,0.075
PY,GB,0.01
PY,FR,0.01
PY,ES,0.07
PY,IT,0.005
PY,DE,0.005
PY,MX,0.015
PY,JP,0.01
PY,BR,0.38
PY,CH,0.005
PY,AR,0.19
PY,IN,0.005
PY,GR,0.005
PY,CO,0.03
PY,CL,0.015
PY,PE,0.005
PY,DO,0.005
PY,UY,0.035
PY,CU,0.005
PY,VE,0.03
PY,EC,0.01
PY,PA,0.01
PY,RO,0.005
PY,HN,0.005
PY,BO,0.01
RS,US,0.075
RS,GB,0.025
RS,FR,0.015
RS,ES,0.02
RS,IT,0.04
RS,DE,0.01
RS,NL,0.01
RS,BR,0.005
RS,TH,0.02
RS,ID,0.035
RS,MY,0.01
RS,AE,0.005
RS,AU,0.015
RS,CH,0.015
RS,TR,0.085
RS,RU,0.03
RS,AT,0.04
RS,GR,0.03
RS,SE,0.005
RS,NO,0.04
RS,QA,0.005
RS,HU,0.045
RS,HR,0.015
RS,CR,0.005
RS,IL,0.015
RS,CU,0.01
RS,VA,0.01
RS,EC,0.01
RS,RO,0.005
RS,BG,0.01
RS,SI,0.02
RS,BA,0.04
RS,MT,0.005
RS,AZ,0.005
RS,ME,0.035
RS,MK,0.015
RS,XK,0.02
RO,US,0.125
RO,GB,0.07
RO,FR,0.025
RO,ES,0.005
RO,IT,0.03
RO,DE,0.025
RO,MX,0.005
RO,CA,0.015
RO,NL,0.025
RO,BR,0.025
RO,BE,0.03
RO,AE,0.005
RO,CH,0.015
RO,PH,0.01
RO,AR,0.005
RO,AT,0.03
RO,GR,0.015
RO,CO,0.015
RO,TW,0.005
RO,CZ,0.01
RO,DK,0.005
RO,PL,0.01
RO,EG,0.005
RO,HU,0.045
RO,RS,0.005
RO,BG,0.05
RO,MC,0.005
RO,LB,0.01
RO,SK,0.005
RO,ET,0.01
RO,IQ,0.005
RO,AL,0.005
LK,US,0.035
LK,GB,0.045
LK,FR,0.005
LK,ES,0.01
LK,JP,0.01
LK,TH,0.015
LK,ID,0.03
LK,SG,0.005
LK,AE,0.025
LK,PH,0.01
LK,RU,0.005
LK,IN,0.04
LK,HK,0.005
LK,ZA,0.01
LK,NZ,0.225
LK,QA,0.015
LK,IS,0.005
LK,MV,0.005
LK,SC,0.01
LK,ZM,0.005
LK,MW,0.005
CD,US,0.095
CD,ES,0.005
CD,IT,0.03
CD,MX,0.01
CD,CA,0.015
CD,BR,0.28
CD,ID,0.02
CD,MY,0.005
CD,SG,0.01
CD,AU,0.015
CD,TR,0.005
CD,RU,0.01
CD,CN,0.005
CD,IN,0.01
CD,ZA,0.005
CD,CZ,0.005
CD,EG,0.005
CD,VN,0.005
CD,KE,0.005
CD,AZ,0.01
CD,DZ,0.005
CD,RW,0.01
CD,AO,0.005
CD,NE,0.005
CD,LY,0.005
CD,BF,0.005
KE,US,0.07
KE,GB,0.09
KE,FR,0.035
KE,ES,0.01
KE,IT,0.01
KE,DE,0.03
KE,NL,0.02
KE,BR,0.005
KE,TH,0.015
KE,AE,0.06
KE,CH,0.005
KE,CN,0.005
KE,GR,0.005
KE,ZA,0.025
KE,CZ,0.005
KE,NO,0.01
KE,PE,0.015
KE,NZ,0.005
KE,QA,0.005
KE,BH,0.02
KE,IL,0.005
KE,PA,0.015
KE,RS,0.005
KE,RO,0.015
KE,TZ,0.05
KE,GH,0.025
KE,ZW,0.02
KE,ET,0.015
KE,UG,0.05
KE,MU,0.01
KE,RW,0.025
KE,SC,0.005
KE,ZM,0.005
KE,CI,0.005
KE,LS,0.005
KE,SO,0.01
KE,KM,0.005
BG,US,0.075
BG,GB,0.045
BG,ES,0.075
BG,IT,0.01
BG,DE,0.01
BG,CA,0.005
BG,JP,0.005
BG,NL,0.015
BG,BR,0.005
BG,BE,0.03
BG,AE,0.01
BG,CH,0.005
BG,TR,0.02
BG,RU,0.025
BG,KW,0.005
BG,CN,0.005
BG,AT,0.01
BG,GR,0.145
BG,ZA,0.005
BG,HU,0.02
BG,HR,0.005
BG,RS,0.02
BG,RO,0.055
MC,US,0.035
MC,GB,0.035
MC,FR,0.305
MC,ES,0.03
MC,IT,0.135
MC,CA,0.01
MC,JP,0.005
MC,NL,0.02
MC,AE,0.005
MC,PH,0.01
MC,PT,0.01
MC,KW,0.005
MC,HK,0.005
MC,GR,0.005
MC,EC,0.01
MC,GI,0.005
KH,US,0.055
KH,GB,0.01
KH,ES,0.005
KH,IT,0.005
KH,MX,0.005
KH,CA,0.01
KH,JP,0.03
KH,BR,0.01
KH,TH,0.115
KH,ID,0.005
KH,MY,0.02
KH,SG,0.025
KH,BE,0.01
KH,PH,0.055
KH,RU,0.005
KH,CN,0.01
KH,HK,0.035
KH,KR,0.01
KH,TW,0.015
KH,PL,0.005
KH,NZ,0.01
KH,VN,0.07
KH,JO,0.005
KH,MM,0.015
MM,US,0.06
MM,FR,0.01
MM,ES,0.01
MM,CA,0.01
MM,BR,0.025
MM,TH,0.105
MM,ID,0.02
MM,MY,0.01
MM,SG,0.005
MM,AU,0.02
MM,PH,0.02
MM,RU,0.005
MM,IN,0.025
MM,GR,0.005
MM,NZ,0.22
MM,KH,0.005
MM,MV,0.005
MM,NI,0.01
MM,GL,0.005
MO,DE,0.005
MO,TH,0.01
MO,MY,0.005
MO,SG,0.04
MO,PH,0.035
MO,CN,0.19
MO,IN,0.01
MO,HK,0.245
MO,TW,0.015
LB,US,0.045
LB,GB,0.025
LB,FR,0.03
LB,ES,0.01
LB,MX,0.005
LB,JP,0.005
LB,NL,0.005
LB,TH,0.02
LB,ID,0.005
LB,BE,0.02
LB,AE,0.05
LB,TR,0.005
LB,RU,0.02
LB,KW,0.09
LB,IN,0.005
LB,AT,0.02
LB,SA,0.02
LB,PE,0.005
LB,EG,0.06
LB,QA,0.01
LB,IS,0.005
LB,JO,0.025
LB,IR,0.005
LB,MT,0.005
LB,SY,0.085
LV,US,0.09
LV,GB,0.095
LV,FR,0.015
LV,ES,0.035
LV,IT,0.02
LV,DE,0.03
LV,ID,0.01
LV,MY,0.01
LV,BE,0.015
LV,RU,0.095
LV,AT,0.01
LV,GR,0.03
LV,CO,0.005
LV,SE,0.04
LV,CZ,0.005
LV,NO,0.01
LV,PL,0.01
LV,EG,0.005
LV,HU,0.01
LV,FI,0.015
LV,LU,0.005
LV,IL,0.015
LV,UA,0.04
LV,BG,0.005
LV,EE,0.06
LV,MT,0.005
LV,SY,0.01
LV,LT,0.045
LV,AF,0.015
LV,LY,0.01
SI,US,0.025
SI,GB,0.01
SI,FR,0.015
SI,ES,0.005
SI,IT,0.09
SI,DE,0.04
SI,CA,0.005
SI,NL,0.02
SI,AE,0.01
SI,CH,0.01
SI,IE,0.005
SI,TR,0.015
SI,AT,0.075
SI,GR,0.005
SI,TW,0.015
SI,CZ,0.005
SI,NO,0.02
SI,HU,0.02
SI,HR,0.12
SI,VE,0.005
SI,RO,0.01
SI,BG,0.01
SI,SK,0.005
SI,BA,0.005
SI,MK,0.01
PK,US,0.055
PK,GB,0.01
PK,FR,0.01
PK,DE,0.005
PK,MX,0.01
PK,CA,0.015
PK,NL,0.01
PK,TH,0.02
PK,ID,0.005
PK,MY,0.015
PK,BE,0.025
PK,AE,0.025
PK,PH,0.015
PK,RU,0.01
PK,CN,0.02
PK,IN,0.025
PK,SA,0.045
PK,CO,0.01
PK,ZA,0.015
PK,TW,0.005
PK,PY,0.005
PK,KH,0.01
PK,IR,0.01
PK,GL,0.01
PK,MR,0.01
PK,TD,0.005
PK,AS,0.005
OM,US,0.015
OM,GB,0.09
OM,FR,0.01
OM,ES,0.01
OM,DE,0.015
OM,TH,0.015
OM,MY,0.03
OM,AE,0.17
OM,TR,0.03
OM,RU,0.005
OM,KW,0.04
OM,IN,0.005
OM,GR,0.01
OM,SA,0.025
OM,EG,0.01
OM,QA,0.05
OM,BH,0.005
OM,JO,0.01
OM,SI,0.01
OM,IR,0.005
OM,AZ,0.005
OM,IQ,0.005
HN,US,0.215
HN,IT,0.01
HN,MX,0.05
HN,BR,0.015
HN,AR,0.005
HN,IN,0.005
HN,PE,0.01
HN,EG,0.005
HN,CR,0.02
HN,JM,0.02
HN,PA,0.005
HN,PY,0.005
HN,AW,0.015
HN,GT,0.01
HN,SV,0.055
BB,US,0.305
BB,GB,0.02
BB,ES,0.02
BB,IT,0.01
BB,CA,0.005
BB,NL,0.005
BB,AU,0.01
BB,HK,0.005
BB,DO,0.02
BB,CW,0.015
BB,LC,0.035
BB,VC,0.01
BB,KN,0.005
GU,US,0.39
GU,JP,0.055
GU,MY,0.015
GU,PH,0.01
GU,KR,0.005
GU,PA,0.005
GU,MP,0.005
BD,US,0.08
BD,GB,0.025
BD,FR,0.015
BD,MX,0.015
BD,CA,0.02
BD,JP,0.015
BD,TH,0.015
BD,ID,0.02
BD,MY,0.005
BD,AU,0.075
BD,PH,0.005
BD,IN,0.05
BD,KR,0.015
BD,CO,0.005
BD,QA,0.01
BD,BH,0.005
BD,NP,0.005
BD,LY,0.01
BO,US,0.025
BO,GB,0.005
BO,FR,0.005
BO,IT,0.005
BO,MX,0.045
BO,JP,0.005
BO,BR,0.045
BO,MY,0.01
BO,AU,0.005
BO,CH,0.005
BO,AR,0.035
BO,RU,0.01
BO,KR,0.005
BO,CO,0.02
BO,CL,0.09
BO,PE,0.02
BO,KZ,0.005
BO,ZM,0.005
TZ,US,0.03
TZ,GB,0.015
TZ,IT,0.005
TZ,CA,0.01
TZ,NL,0.005
TZ,BR,0.01
TZ,SG,0.02
TZ,AE,0.02
TZ,AU,0.015
TZ,AR,0.005
TZ,TR,0.015
TZ,KW,0.02
TZ,CN,0.01
TZ,HK,0.01
TZ,ZA,0.01
TZ,IL,0.005
TZ,NG,0.02
TZ,KE,0.055
TZ,ET,0.01
TZ,BY,0.03
TZ,UG,0.015
TZ,SC,0.01
TZ,ZM,0.015
TZ,MW,0.01
TZ,CG,0.01
AW,US,0.115
AW,ES,0.025
AW,IT,0.01
AW,MX,0.025
AW,CA,0.015
AW,NL,0.005
AW,PH,0.005
AW,KR,0.015
AW,CO,0.025
AW,BS,0.005
AW,EC,0.005
AW,PA,0.01
AW,HN,0.015
AW,BB,0.015
AW,KY,0.015
AW,SX,0.015
AW,CW,0.005
AW,VC,0.01
AW,BQ,0.005
SK,US,0.01
SK,GB,0.01
SK,ES,0.015
SK,IT,0.02
SK,DE,0.01
SK,TH,0.015
SK,SG,0.015
SK,AU,0.005
SK,CH,0.01
SK,PH,0.005
SK,IE,0.005
SK,RU,0.025
SK,AT,0.07
SK,GR,0.005
SK,KR,0.005
SK,SE,0.005
SK,CZ,0.15
SK,PL,0.025
SK,NZ,0.015
SK,HU,0.025
SK,HR,0.02
SK,CY,0.005
SK,RS,0.005
SK,SI,0.01
IR,US,0.06
IR,GB,0.015
IR,FR,0.005
IR,ES,0.005
IR,IT,0.01
IR,DE,0.005
IR,MX,0.025
IR,CA,0.015
IR,BR,0.02
IR,ID,0.005
IR,AE,0.015
IR,AU,0.02
IR,TR,0.03
IR,RU,0.02
IR,KW,0.015
IR,IN,0.005
IR,PE,0.005
IR,PL,0.005
IR,HR,0.005
IR,IL,0.01
IR,LV,0.005
IR,SK,0.005
IR,SY,0.005
IR,DZ,0.005
IR,IQ,0.005
IR,TN,0.005
IR,ML,0.01
EE,US,0.025
EE,GB,0.02
EE,ES,0.005
EE,DE,0.005
EE,MX,0.005
EE,NL,0.01
EE,PT,0.005
EE,RU,0.06
EE,AT,0.01
EE,SE,0.015
EE,DK,0.02
EE,NO,0.005
EE,NZ,0.015
EE,HU,0.005
EE,FI,0.06
EE,LV,0.06
GH,US,0.075
GH,GB,0.02
GH,FR,0.015
GH,ES,0.005
GH,IT,0.05
GH,DE,0.005
GH,JP,0.005
GH,AE,0.015
GH,PH,0.005
GH,IN,0.005
GH,ZA,0.02
GH,DK,0.01
GH,NO,0.005
GH,NZ,0.01
GH,EG,0.035
GH,DO,0.005
GH,MA,0.005
GH,NG,0.07
GH,KE,0.02
GH,TZ,0.005
GH,ZW,0.01
GH,ET,0.025
GH,CI,0.005
GE,US,0.015
GE,GB,0.02
GE,ES,0.01
GE,DE,0.005
GE,CA,0.01
GE,JP,0.005
GE,NL,0.01
GE,ID,0.01
GE,AE,0.01
GE,PH,0.01
GE,TR,0.03
GE,RU,0.065
GE,AT,0.01
GE,GR,0.01
GE,SA,0.01
GE,QA,0.005
GE,IL,0.01
GE,UA,0.01
GE,CY,0.005
GE,AZ,0.005
GE,AM,0.035
BA,US,0.045
BA,GB,0.01
BA,ES,0.005
BA,DE,0.01
BA,BR,0.01
BA,MY,0.02
BA,AE,0.03
BA,TR,0.02
BA,KW,0.01
BA,AT,0.01
BA,GR,0.015
BA,SA,0.005
BA,HR,0.04
BA,RS,0.04
BA,TZ,0.01
BA,ME,0.02
BA,MK,0.005
MT,US,0.005
MT,GB,0.065
MT,FR,0.02
MT,ES,0.01
MT,IT,0.1
MT,DE,0.005
MT,NL,0.015
MT,BE,0.005
MT,AE,0.005
MT,CH,0.005
MT,PH,0.005
MT,RU,0.005
MT,KW,0.01
MT,IN,0.005
MT,AT,0.005
MT,GR,0.005
MT,HR,0.005
MT,CY,0.005
MT,LT,0.005
ZW,US,0.035
ZW,GB,0.03
ZW,ES,0.005
ZW,DE,0.015
ZW,NL,0.005
ZW,TH,0.005
ZW,ID,0.005
ZW,MY,0.005
ZW,SG,0.01
ZW,AE,0.005
ZW,PH,0.01
ZW,IN,0.005
ZW,ZA,0.075
ZW,FI,0.01
ZW,IL,0.005
ZW,BW,0.05
ZW,MZ,0.01
ZW,ZM,0.005
ZW,NE,0.005
SY,US,0.06
SY,GB,0.005
SY,ES,0.01
SY,DE,0.01
SY,CA,0.01
SY,BR,0.005
SY,ID,0.005
SY,CH,0.005
SY,TR,0.02
SY,RU,0.005
SY,KW,0.005
SY,CN,0.005
SY,EG,0.005
SY,LU,0.005
SY,IL,0.04
SY,VE,0.005
SY,UA,0.005
SY,KH,0.005
SY,MM,0.005
SY,LB,0.015
SY,IR,0.005
SY,IQ,0.005
SY,AF,0.005
SY,KP,0.005
AD,US,0.005
AD,GB,0.02
AD,FR,0.115
AD,ES,0.14
AD,IT,0.005
AZ,US,0.03
AZ,GB,0.01
AZ,FR,0.025
AZ,ES,0.01
AZ,IT,0.055
AZ,BR,0.005
AZ,ID,0.01
AZ,AE,0.015
AZ,TR,0.035
AZ,RU,0.015
AZ,KW,0.025
AZ,HU,0.015
AZ,RS,0.005
AZ,GE,0.03
AZ,GQ,0.005
GT,US,0.21
GT,GB,0.01
GT,FR,0.02
GT,ES,0.01
GT,IT,0.01
GT,MX,0.085
GT,CA,0.01
GT,BR,0.015
GT,AR,0.02
GT,IN,0.01
GT,CO,0.025
GT,NO,0.005
GT,PE,0.015
GT,DO,0.01
GT,CR,0.02
GT,EC,0.005
GT,PA,0.005
GT,PY,0.005
GT,HN,0.01
GT,SV,0.055
SV,US,0.06
SV,GB,0.01
SV,ES,0.025
SV,MX,0.045
SV,CA,0.005
SV,CO,0.04
SV,SE,0.01
SV,CL,0.005
SV,PE,0.005
SV,PL,0.005
SV,CR,0.015
SV,EC,0.005
SV,HN,0.05
SV,BO,0.015
SV,GT,0.01
SV,BZ,0.005
SV,NI,0.02
MV,US,0.065
MV,GB,0.03
MV,ES,0.01
MV,MX,0.01
MV,TH,0.005
MV,MY,0.01
MV,SG,0.025
MV,AE,0.02
MV,CH,0.005
MV,PH,0.02
MV,TR,0.005
MV,KW,0.02
MV,IN,0.03
MV,DK,0.01
MV,VN,0.01
MV,QA,0.01
MV,IL,0.01
MV,LK,0.025
MV,MC,0.005
MV,UG,0.015
MV,KP,0.005
IM,GB,0.15
IM,FR,0.015
IM,TH,0.005
IM,IE,0.01
IM,GR,0.005
IM,CO,0.01
IM,HU,0.005
ET,US,0.05
ET,GB,0.015
ET,DE,0.005
ET,MX,0.005
ET,CA,0.015
ET,NL,0.01
ET,BR,0.005
ET,MY,0.01
ET,SG,0.005
ET,AE,0.01
ET,RU,0.005
ET,CN,0.01
ET,IN,0.005
ET,CO,0.005
ET,ZA,0.02
ET,EG,0.02
ET,IS,0.005
ET,NG,0.03
ET,LK,0.005
ET,CD,0.005
ET,KE,0.005
ET,TZ,0.01
ET,GH,0.005
ET,UG,0.01
ET,RW,0.01
ET,SO,0.005
ET,ER,0.01
BW,US,0.025
BW,GB,0.115
BW,MX,0.005
BW,ZA,0.11
BW,UA,0.005
BW,KE,0.005
BW,ZW,0.02
BW,GL,0.01
BW,ZM,0.015
BW,SZ,0.005
NP,US,0.04
NP,GB,0.015
NP,FR,0.015
NP,ES,0.01
NP,CA,0.005
NP,JP,0.015
NP,BR,0.01
NP,TH,0.025
NP,MY,0.005
NP,TR,0.015
NP,CN,0.035
NP,IN,0.08
NP,HK,0.015
NP,KR,0.02
NP,DK,0.01
NP,QA,0.025
NP,IS,0.005
NP,PK,0.005
NP,SC,0.005
NP,BT,0.005
PR,US,0.335
PR,IQ,0.005
BY,GB,0.04
BY,DE,0.005
BY,NL,0.005
BY,MY,0.005
BY,RU,0.115
BY,IN,0.015
BY,CZ,0.015
BY,NO,0.005
BY,PL,0.01
BY,EG,0.005
BY,HR,0.005
BY,UA,0.005
BY,LT,0.02
ME,US,0.01
ME,GB,0.01
ME,FR,0.005
ME,ES,0.01
ME,IT,0.025
ME,RU,0.01
ME,GR,0.01
ME,HR,0.035
ME,RS,0.05
ME,BA,0.01
ME,MT,0.01
ME,TC,0.005
ME,AL,0.015
ME,XK,0.005
DZ,US,0.005
DZ,GB,0.01
DZ,FR,0.035
DZ,IT,0.02
DZ,MX,0.005
DZ,CA,0.005
DZ,NL,0.005
DZ,BE,0.005
DZ,AE,0.01
DZ,AR,0.005
DZ,RU,0.005
DZ,CN,0.01
DZ,IN,0.005
DZ,SA,0.005
DZ,CL,0.005
DZ,EG,0.005
DZ,PY,0.01
DZ,OM,0.005
DZ,IR,0.005
DZ,TN,0.015
DZ,CI,0.005
DZ,UZ,0.005
DZ,DJ,0.01
KY,US,0.205
KY,ES,0.005
KY,MX,0.01
KY,AU,0.01
KY,CD,0.015
KY,TC,0.005
LT,US,0.02
LT,GB,0.04
LT,ES,0.005
LT,DE,0.01
LT,BE,0.01
LT,RU,0.015
LT,SE,0.01
LT,DK,0.01
LT,NO,0.005
LT,PL,0.02
LT,FI,0.01
LT,LV,0.045
LT,BY,0.02
BZ,US,0.09
BZ,MX,0.025
BZ,NL,0.005
BZ,CU,0.005
BZ,JM,0.005
BZ,HN,0.01
BZ,GT,0.005
BZ,SV,0.01
BZ,TC,0.005
BZ,HT,0.01
TT,US,0.1
TT,GB,0.02
TT,CA,0.005
TT,NL,0.005
TT,BR,0.005
TT,RU,0.01
TT,IN,0.01
TT,SA,0.005
TT,CO,0.01
TT,SE,0.01
TT,VN,0.005
TT,CU,0.005
TT,VE,0.02
TT,BB,0.005
TT,VC,0.015
TC,US,0.155
TC,CA,0.01
TC,DO,0.005
TC,KY,0.005
TC,BZ,0.005
TC,AG,0.01
NI,US,0.105
NI,IT,0.005
NI,MX,0.005
NI,CA,0.02
NI,PE,0.03
NI,EG,0.005
NI,CR,0.015
NI,SV,0.01
IQ,US,0.035
IQ,GB,0.02
IQ,IT,0.01
IQ,DE,0.005
IQ,JP,0.005
IQ,TH,0.01
IQ,ID,0.005
IQ,AU,0.005
IQ,TR,0.01
IQ,RU,0.01
IQ,KW,0.035
IQ,CN,0.01
IQ,SA,0.005
IQ,QA,0.015
IQ,JO,0.01
IQ,BG,0.01
IQ,MM,0.005
IQ,TZ,0.005
IQ,SY,0.005
IQ,TN,0.01
IQ,SO,0.01
SX,US,0.125
SX,BS,0.005
SX,JM,0.005
SX,BB,0.005
SX,AG,0.005
SX,LC,0.015
SX,MF,0.025
SX,AI,0.005
SX,BL,0.03
CW,US,0.07
CW,MX,0.005
CW,CH,0.01
CW,AW,0.01
CW,TT,0.005
CW,VC,0.015
LA,US,0.01
LA,JP,0.015
LA,TH,0.09
LA,SG,0.005
LA,CN,0.01
LA,IN,0.005
LA,KR,0.005
LA,VN,0.025
LA,KH,0.015
LA,ET,0.01
UG,US,0.06
UG,GB,0.01
UG,FR,0.015
UG,ES,0.01
UG,IT,0.01
UG,DE,0.005
UG,JP,0.005
UG,NL,0.005
UG,TH,0.005
UG,AE,0.01
UG,PH,0.005
UG,IN,0.01
UG,ZA,0.01
UG,NO,0.005
UG,QA,0.005
UG,KE,0.02
UG,TZ,0.01
UG,RW,0.03
MU,GB,0.01
MU,AE,0.02
MU,TR,0.005
MU,KW,0.01
MU,ZA,0.03
MU,HU,0.01
MU,HR,0.005
MU,MZ,0.01
MU,MG,0.005
TN,US,0.025
TN,GB,0.005
TN,FR,0.005
TN,ES,0.015
TN,IT,0.015
TN,DE,0.015
TN,NL,0.01
TN,BR,0.01
TN,BE,0.005
TN,PH,0.005
TN,RU,0.005
TN,CN,0.005
TN,SA,0.01
TN,CZ,0.005
TN,MA,0.005
TN,RO,0.005
TN,DZ,0.005
TN,IQ,0.01
TN,SN,0.005
HT,US,0.175
HT,CA,0.005
HT,DO,0.025
BN,GB,0.03
BN,TH,0.005
BN,ID,0.015
BN,MY,0.09
BN,SG,0.02
BN,AE,0.01
BN,AU,0.01
BN,PH,0.04
BN,HK,0.005
KZ,MX,0.005
KZ,JP,0.01
KZ,NL,0.005
KZ,MY,0.005
KZ,AE,0.02
KZ,PH,0.005
KZ,RU,0.06
KZ,IN,0.01
KZ,PE,0.01
KZ,UA,0.015
KZ,IR,0.005
KZ,UZ,0.01
KZ,PG,0.01
KZ,YE,0.005
MK,US,0.02
MK,IT,0.015
MK,NL,0.005
MK,BR,0.005
MK,TR,0.01
MK,GR,0.015
MK,EG,0.005
MK,HR,0.01
MK,RS,0.005
MK,NP,0.005
MK,ME,0.005
MK,AL,0.02
AG,US,0.02
AG,GB,0.025
AG,AE,0.01
AG,AU,0.01
AG,BB,0.005
AG,AW,0.015
AG,TC,0.01
AG,MQ,0.01
AG,LC,0.005
AG,KN,0.005
AG,AI,0.01
AG,MS,0.005
GI,US,0.005
GI,GB,0.025
GI,ES,0.145
GI,IT,0.005
GI,BR,0.005
GI,NO,0.005
GP,US,0.005
GP,GB,0.005
GP,FR,0.065
GP,MQ,0.025
GP,PF,0.005
GP,VC,0.005
MZ,ES,0.01
MZ,BR,0.01
MZ,RU,0.005
MZ,ZA,0.1
MZ,EC,0.005
MZ,KE,0.01
MZ,ZW,0.02
RW,US,0.01
RW,AE,0.01
RW,SA,0.005
RW,ZA,0.005
RW,MA,0.005
RW,NG,0.02
RW,CD,0.01
RW,TZ,0.01
RW,ET,0.01
RW,UG,0.01
RW,BI,0.005
AM,US,0.015
AM,GB,0.015
AM,ES,0.005
AM,ID,0.01
AM,AE,0.005
AM,CH,0.005
AM,RU,0.03
AM,CO,0.01
AM,QA,0.005
AM,GE,0.025
MQ,US,0.02
MQ,FR,0.03
MQ,CZ,0.005
MQ,EG,0.005
MQ,BS,0.01
MQ,JM,0.01
MQ,GP,0.01
MQ,LC,0.01
MQ,DJ,0.01
LC,US,0.02
LC,GB,0.01
LC,FR,0.01
LC,BB,0.02
LC,AW,0.015
LC,TT,0.005
LC,CW,0.015
LC,AG,0.03
LC,MQ,0.005
LC,VC,0.01
LC,GD,0.01
PF,US,0.065
PF,FR,0.01
PF,IT,0.005
PF,AU,0.01
PF,CH,0.005
SC,FR,0.005
SC,ES,0.005
SC,DE,0.01
SC,MX,0.005
SC,TH,0.005
SC,AE,0.015
SC,AU,0.005
SC,IN,0.005
SC,LK,0.01
SC,TT,0.01
SC,MU,0.005
SC,RE,0.01
SC,MG,0.005
SN,US,0.02
SN,GB,0.01
SN,FR,0.02
SN,ES,0.01
SN,IT,0.015
SN,ID,0.005
SN,CN,0.005
SN,UA,0.01
SN,JM,0.005
SN,IR,0.005
SN,MR,0.005
SN,GM,0.03
SN,CM,0.005
SN,BF,0.005
GL,US,0.01
GL,GB,0.01
GL,CA,0.02
GL,BR,0.01
GL,RU,0.015
GL,CN,0.005
GL,NO,0.01
GL,EC,0.01
GL,IQ,0.005
GL,MZ,0.01
GL,ZM,0.01
GL,LY,0.005
ZM,MX,0.01
ZM,BR,0.015
ZM,AU,0.005
ZM,RU,0.005
ZM,IN,0.005
ZM,ZA,0.005
ZM,BO,0.01
ZM,TZ,0.01
ZM,BW,0.005
ZM,DZ,0.005
ZM,MU,0.005
ZM,KZ,0.005
ZM,RW,0.01
ZM,SZ,0.005
ZM,TD,0.005
AO,GB,0.015
AO,ES,0.005
AO,IT,0.01
AO,CA,0.005
AO,BR,0.035
AO,TH,0.01
AO,PT,0.005
AO,SY,0.005
AO,MN,0.01
AL,GB,0.02
AL,ID,0.005
AL,TR,0.01
AL,TW,0.005
AL,HR,0.01
AL,ME,0.025
AL,MK,0.01
BM,US,0.04
BM,CA,0.005
BM,DK,0.005
SM,IT,0.085
SM,TH,0.01
SM,IN,0.005
AF,US,0.01
AF,MY,0.02
AF,CN,0.005
AF,LV,0.015
AF,IR,0.005
AF,AD,0.005
CI,FR,0.005
CI,PT,0.005
CI,ZA,0.005
CI,MA,0.01
CI,GH,0.005
CI,NE,0.005
CI,CG,0.005
CI,TG,0.005
VG,US,0.045
VG,CH,0.005
SZ,RU,0.005
SZ,ZA,0.06
UZ,US,0.005
UZ,TH,0.005
UZ,AU,0.005
UZ,TR,0.005
UZ,RU,0.03
UZ,ZA,0.005
UZ,KZ,0.025
UZ,KG,0.015
MF,US,0.005
MF,BH,0.01
MF,SX,0.025
NE,US,0.01
NE,GB,0.005
NE,BR,0.01
NE,AU,0.01
NE,AR,0.005
NE,RU,0.01
NE,CN,0.01
NE,DO,0.005
NE,AQ,0.01
NE,BF,0.005
VC,AW,0.015
VC,GP,0.005
VC,GD,0.015
BT,TH,0.025
BT,SG,0.005
BT,PH,0.005
BT,CN,0.005
BT,TW,0.01
BT,VN,0.005
VI,US,0.045
KN,US,0.04
KN,SX,0.005
KN,CW,0.01
KN,MQ,0.005
KN,DM,0.005
LY,US,0.005
LY,IT,0.01
LY,BR,0.01
LY,ID,0.01
LY,TR,0.025
LY,RU,0.005
LY,CN,0.005
LY,IN,0.005
LY,EG,0.01
LY,SN,0.01
RE,FR,0.025
RE,ZA,0.005
RE,MU,0.01
RE,SC,0.01
MN,FR,0.005
MN,JP,0.005
MN,MY,0.005
MN,AU,0.01
MN,PH,0.01
MN,RU,0.01
MN,SE,0.01
MN,MM,0.005
MN,MG,0.01
CV,GB,0.04
CV,FR,0.005
MR,AU,0.01
MR,CH,0.005
MR,KW,0.005
MR,CO,0.01
MR,MA,0.01
MR,CD,0.005
MR,IQ,0.01
AI,US,0.025
AI,IT,0.01
AI,SX,0.02
KG,US,0.01
KG,AE,0.01
KG,TR,0.005
KG,RU,0.005
KG,CN,0.005
KG,IN,0.005
KG,UA,0.005
KG,BY,0.005
KG,IQ,0.005
MG,US,0.005
MG,IT,0.005
MG,CA,0.01
MG,BR,0.005
MG,PH,0.01
MG,SC,0.01
ML,CA,0.005
ML,RU,0.01
ML,MA,0.005
ML,CD,0.005
ML,YE,0.01
GD,US,0.01
GD,GB,0.005
GD,NO,0.005
GD,BB,0.02
GD,AG,0.005
GD,LC,0.01
TD,US,0.015
TD,BR,0.005
TD,AU,0.005
TD,CN,0.005
TD,MA,0.01
TD,BO,0.005
TD,GL,0.005
LS,US,0.005
LS,KR,0.005
LS,ZA,0.085
BL,US,0.01
BL,MX,0.01
BL,SX,0.01
BL,GP,0.01
KP,US,0.005
KP,MX,0.005
KP,AU,0.005
KP,CN,0.02
KP,KR,0.005
KP,PE,0.005
KP,PL,0.005
XK,DE,0.005
XK,HR,0.005
XK,RS,0.01
XK,MK,0.01
XK,AL,0.005
PG,US,0.005
PG,CA,0.005
PG,ID,0.005
PG,AU,0.005
PG,PT,0.01
PG,RU,0.01
PG,SY,0.005
PG,CF,0.005
MP,US,0.005
MP,JP,0.005
MP,ID,0.01
MP,KR,0.015
MP,GU,0.005
GQ,US,0.01
GQ,ES,0.005
GQ,DE,0.02
GQ,CH,0.005
GQ,ZA,0.005
GQ,AZ,0.005
DJ,US,0.015
DJ,IT,0.005
DJ,DZ,0.02
MD,IT,0.005
MD,TR,0.005
MD,RU,0.015
MD,PL,0.005
MD,UA,0.01
LR,ZW,0.025
AQ,US,0.005
AQ,DE,0.005
AQ,BR,0.015
AQ,AU,0.005
AQ,TM,0.005
AQ,TJ,0.005
AQ,CF,0.005
YE,US,0.005
YE,AE,0.01
YE,SA,0.01
YE,PE,0.005
YE,CD,0.01
YE,IQ,0.005
GM,DE,0.01
GM,BE,0.005
MW,US,0.01
MW,ZA,0.01
MW,ZW,0.01
MW,ET,0.01
MW,MZ,0.01
LI,US,0.005
LI,DE,0.005
LI,CH,0.02
LI,AT,0.005
JE,GB,0.03
SO,AE,0.005
SO,AU,0.005
SO,CN,0.01
SO,IQ,0.005
GA,DE,0.005
GA,OM,0.01
GA,SN,0.005
VU,AU,0.01
FO,GB,0.015
FO,RU,0.005
FO,SE,0.01
FO,IS,0.005
GY,US,0.01
GY,GB,0.005
GY,SE,0.005
NC,JP,0.005
NC,AU,0.01
CM,US,0.01
CM,FR,0.005
CM,RU,0.005
CM,MA,0.005
CM,NG,0.005
CM,TZ,0.005
CM,SN,0.005
CM,CI,0.01
BJ,IN,0.01
BJ,NG,0.01
BJ,BF,0.005
BF,FR,0.01
BF,RU,0.005
BF,TZ,0.005
TM,CA,0.005
TM,CN,0.01
TM,BW,0.005
BI,US,0.02
BI,SA,0.005
CG,BW,0.005
CG,GA,0.005
BQ,US,0.005
BQ,NL,0.005
BQ,AW,0.015
SB,GB,0.005
SB,MX,0.015
DM,US,0.015
GN,US,0.005
GN,AU,0.005
GN,IN,0.01
FK,ZA,0.01
FK,BD,0.01
TJ,NL,0.01
TJ,CN,0.01
TJ,IR,0.005
TJ,UZ,0.01
SL,US,0.005
SL,CA,0.005
GW,AR,0.005
GW,MA,0.01
CF,AU,0.005
CF,RU,0.005
CF,CN,0.005
ER,US,0.005
ER,GL,0.01
TL,AU,0.005
TO,AU,0.005
SR,AF,0.005
SR,TD,0.01
MS,ES,0.005
MS,CA,0.005
GF,US,0.005
GF,FR,0.005
GF,GP,0.02
AX,FI,0.005
AS,US,0.005
AS,PK,0.005
AS,WS,0.01
WS,US,0.005
YT,FR,0.01
YT,KE,0.02
YT,RE,0.01
PW,TW,0.01
SD,FR,0.005
SD,SA,0.005
SD,ZA,0.01
SD,EG,0.025
SD,QA,0.01
FM,MH,0.005
MH,US,0.005
TG,GH,0.005
TG,CI,0.005
NU,NZ,0.01
